id,name,n,triplet,tail47,deep28,common39,tail_triplet_ratio_of_means,mean_seed_tail_triplet_ratio,sd_seed_tail_triplet_ratio
retinanet,"3D-RetinaNet/I3D, local replication",1,7.53828919272738,4.137873180387974,2.876854695052098,11.636226438367178,0.5489140937150591,0.5489140937150591,
88,mlp-classification,3,11.740187543709654,5.473158771155653,3.5848984194952727,19.292760679864475,0.46619006304444854,0.46629492911713544,0.014891422200704947
89,attention-classification,3,12.024246345645958,6.189396082912406,4.478454859095758,19.055988969965878,0.5147429539443542,0.5140733412285337,0.031568191148666276
90,mlp-contrastive,3,12.0358610075209,5.65868007555168,3.687300215691461,19.72118161784278,0.4701516636006112,0.4699893193860482,0.016208178280257064
91,attention-contrastive,3,11.928467722675968,5.505980664681716,4.134245037216239,19.66838802333571,0.4615832303603311,0.4609491712979997,0.04294458766076037
92,mlp-contrastive-all184,3,12.174049259625491,6.0429958282765135,3.9389769428054846,19.562754676892208,0.49638338891216327,0.49607158047132516,0.03121863141832489
93,attention-contrastive-all184,3,12.122931014513597,5.792496285272485,3.851110364615341,19.751916457445194,0.4778131854695615,0.4775817277340234,0.013302099947070758
94,global,3,12.583621412517445,6.488115064221837,4.7449391246607,19.929488037386513,0.5155999891865661,0.5151614443271293,0.028925778155177478
95,class,3,12.590248203989796,6.4995829390645925,4.74673381936182,19.93028070274581,0.5162394603948238,0.5158262877114974,0.02828250499899867
96,generic,3,12.587944531627361,6.534273653168971,4.728007524856366,19.883394051820805,0.5190898034823342,0.5188022901009208,0.025879561287343367
97,factorized,3,12.593321594093789,6.524977683059951,4.776718143711887,19.906453999698673,0.5181299972614164,0.5177552558809801,0.02655513683310157
102,attention-classification-dcb,3,12.900151528156806,5.843481860312647,4.080939612657641,21.404343179148487,0.45297776910280774,0.4525146066071444,0.024832275602035506
103,attention-contrastive-all184-dcb,3,12.877972820538183,5.808295972082196,4.201243336919496,21.39783979175437,0.45102564301261366,0.45054044109425123,0.020880300068011292
104,attention-global-dcb,3,13.42794924974261,6.234424319669789,4.544689190524098,22.097069037266266,0.464287152395165,0.4640492529533181,0.01608916271443425
