seed,expert,class,group,global_weight,class_weight,selected_lambda,global_fallback
1,phrase,Ped-MovAway,duplex,0.0015067820204421878,0.001505967928096652,0.1,False
1,phrase,Ped-MovTow,duplex,0.0015067820204421878,0.0015060303267091513,0.1,False
1,phrase,Ped-Mov,duplex,0.0015067820204421878,0.0015065171755850315,0.1,False
1,phrase,Ped-Stop,duplex,0.0015067820204421878,0.0015060030855238438,0.1,False
1,phrase,Ped-Wait2X,duplex,0.0015067820204421878,0.0015062963357195258,0.1,False
1,phrase,Ped-XingFmLft,duplex,0.0015067820204421878,0.0015064878389239311,0.1,False
1,phrase,Ped-XingFmRht,duplex,0.0015067820204421878,0.0015063028549775481,0.1,False
1,phrase,Ped-Xing,duplex,0.0015067820204421878,0.00150631635915488,0.1,False
1,phrase,Ped-PushObj,duplex,0.0015067820204421878,0.0015065495390444994,0.1,False
1,phrase,Car-MovAway,duplex,0.0015067820204421878,0.0015059629222378135,0.1,False
1,phrase,Car-MovTow,duplex,0.0015067820204421878,0.0015059270663186908,0.1,False
1,phrase,Car-Brake,duplex,0.0015067820204421878,0.0015066005289554596,0.1,False
1,phrase,Car-Stop,duplex,0.0015067820204421878,0.001506099128164351,0.1,False
1,phrase,Car-IncatLft,duplex,0.0015067820204421878,0.0015065846964716911,0.1,False
1,phrase,Car-IncatRht,duplex,0.0015067820204421878,0.0015059392899274826,0.1,False
1,phrase,Car-HazLit,duplex,0.0015067820204421878,0.0015057979617267847,0.1,False
1,phrase,Car-TurLft,duplex,0.0015067820204421878,0.0015059729339554906,0.1,False
1,phrase,Car-TurRht,duplex,0.0015067820204421878,0.0015064692124724388,0.1,False
1,phrase,Car-MovRht,duplex,0.0015067820204421878,0.0015060267178341746,0.1,False
1,phrase,Car-MovLft,duplex,0.0015067820204421878,0.0015061392914503813,0.1,False
1,phrase,Car-XingFmLft,duplex,0.0015067820204421878,0.001506455591879785,0.1,False
1,phrase,Car-XingFmRht,duplex,0.0015067820204421878,0.00150641321670264,0.1,False
1,phrase,Cyc-MovAway,duplex,0.0015067820204421878,0.0015060144942253828,0.1,False
1,phrase,Cyc-MovTow,duplex,0.0015067820204421878,0.0015060718869790435,0.1,False
1,phrase,Cyc-Stop,duplex,0.0015067820204421878,0.001505815889686346,0.1,False
1,phrase,Mobike-Stop,duplex,0.0015067820204421878,0.0015059133293107152,0.1,False
1,phrase,MedVeh-MovAway,duplex,0.0015067820204421878,0.0015054317191243172,0.1,False
1,phrase,MedVeh-MovTow,duplex,0.0015067820204421878,0.0015061055310070515,0.1,False
1,phrase,MedVeh-Brake,duplex,0.0015067820204421878,0.0015059543075039983,0.1,False
1,phrase,MedVeh-Stop,duplex,0.0015067820204421878,0.00150591554120183,0.1,False
1,phrase,MedVeh-IncatLft,duplex,0.0015067820204421878,0.0015060066943988204,0.1,False
1,phrase,MedVeh-IncatRht,duplex,0.0015067820204421878,0.0015060260193422437,0.1,False
1,phrase,MedVeh-HazLit,duplex,0.0015067820204421878,0.001506208791397512,0.1,False
1,phrase,MedVeh-TurRht,duplex,0.0015067820204421878,0.0015061701415106654,0.1,False
1,phrase,MedVeh-XingFmLft,duplex,0.0015067820204421878,0.0015062956372275949,0.1,False
1,phrase,MedVeh-XingFmRht,duplex,0.0015067820204421878,0.0015063867904245853,0.1,False
1,phrase,LarVeh-MovAway,duplex,0.0015067820204421878,0.0015057693235576153,0.1,False
1,phrase,LarVeh-MovTow,duplex,0.0015067820204421878,0.0015057484852150083,0.1,False
1,phrase,LarVeh-Stop,duplex,0.0015067820204421878,0.0015062977327033877,0.1,False
1,phrase,LarVeh-HazLit,duplex,0.0015067820204421878,0.0015061916783452034,0.1,False
1,phrase,Bus-MovAway,duplex,0.0015067820204421878,0.0015061679296195507,0.1,False
1,phrase,Bus-MovTow,duplex,0.0015067820204421878,0.0015063142636790872,0.1,False
1,phrase,Bus-Brake,duplex,0.0015067820204421878,0.0015062784077599645,0.1,False
1,phrase,Bus-Stop,duplex,0.0015067820204421878,0.0015063071623444557,0.1,False
1,phrase,Bus-HazLit,duplex,0.0015067820204421878,0.001506403903476894,0.1,False
1,phrase,EmVeh-Stop,duplex,0.0015067820204421878,0.0015060144942253828,0.1,False
1,phrase,TL-Red,duplex,0.0015067820204421878,0.001506152213551104,0.1,False
1,phrase,TL-Amber,duplex,0.0015067820204421878,0.001506360829807818,0.1,False
1,phrase,TL-Green,duplex,0.0015067820204421878,0.001506402506493032,0.1,False
1,phrase,Ped-MovAway-LftPav,triplet,0.0015067820204421878,0.001505981432273984,0.1,False
1,phrase,Ped-MovAway-RhtPav,triplet,0.0015067820204421878,0.0015059822471812367,0.1,False
1,phrase,Ped-MovAway-Jun,triplet,0.0015067820204421878,0.0015062044840306044,0.1,False
1,phrase,Ped-MovTow-LftPav,triplet,0.0015067820204421878,0.001506197382695973,0.1,False
1,phrase,Ped-MovTow-RhtPav,triplet,0.0015067820204421878,0.0015059076249599457,0.1,False
1,phrase,Ped-MovTow-Jun,triplet,0.0015067820204421878,0.0015068508218973875,0.1,False
1,phrase,Ped-Mov-OutgoLane,triplet,0.0015067820204421878,0.0015067820204421878,0.1,True
1,phrase,Ped-Mov-Pav,triplet,0.0015067820204421878,0.0015063394093886018,0.1,False
1,phrase,Ped-Mov-RhtPav,triplet,0.0015067820204421878,0.0015062992461025715,0.1,False
1,phrase,Ped-Stop-OutgoLane,triplet,0.0015067820204421878,0.001505991560406983,0.1,False
1,phrase,Ped-Stop-Pav,triplet,0.0015067820204421878,0.0015061916783452034,0.1,False
1,phrase,Ped-Stop-LftPav,triplet,0.0015067820204421878,0.0015060030855238438,0.1,False
1,phrase,Ped-Stop-RhtPav,triplet,0.0015067820204421878,0.0015060037840157747,0.1,False
1,phrase,Ped-Stop-BusStop,triplet,0.0015067820204421878,0.0015063214814290404,0.1,False
1,phrase,Ped-Wait2X-RhtPav,triplet,0.0015067820204421878,0.001506231026723981,0.1,False
1,phrase,Ped-Wait2X-Jun,triplet,0.0015067820204421878,0.0015060296282172203,0.1,False
1,phrase,Ped-XingFmLft-Jun,triplet,0.0015067820204421878,0.0015062446473166347,0.1,False
1,phrase,Ped-XingFmRht-Jun,triplet,0.0015067820204421878,0.0015061406884342432,0.1,False
1,phrase,Ped-XingFmRht-xing,triplet,0.0015067820204421878,0.0015063780592754483,0.1,False
1,phrase,Ped-Xing-Jun,triplet,0.0015067820204421878,0.0015059263678267598,0.1,False
1,phrase,Ped-PushObj-LftPav,triplet,0.0015067820204421878,0.0015063508180901408,0.1,False
1,phrase,Ped-PushObj-RhtPav,triplet,0.0015067820204421878,0.001506454893387854,0.1,False
1,phrase,Car-MovAway-VehLane,triplet,0.0015067820204421878,0.0015060969162732363,0.1,False
1,phrase,Car-MovAway-OutgoLane,triplet,0.0015067820204421878,0.001506163622252643,0.1,False
1,phrase,Car-MovAway-Jun,triplet,0.0015067820204421878,0.0015059994766488671,0.1,False
1,phrase,Car-MovTow-VehLane,triplet,0.0015067820204421878,0.001505027525126934,0.1,False
1,phrase,Car-MovTow-IncomLane,triplet,0.0015067820204421878,0.001506012282334268,0.1,False
1,phrase,Car-MovTow-Jun,triplet,0.0015067820204421878,0.00150621822103858,0.1,False
1,phrase,Car-Brake-VehLane,triplet,0.0015067820204421878,0.0015064749168232083,0.1,False
1,phrase,Car-Brake-OutgoLane,triplet,0.0015067820204421878,0.0015063235769048333,0.1,False
1,phrase,Car-Brake-Jun,triplet,0.0015067820204421878,0.0015064821345731616,0.1,False
1,phrase,Car-Stop-VehLane,triplet,0.0015067820204421878,0.0015063057653605938,0.1,False
1,phrase,Car-Stop-OutgoLane,triplet,0.0015067820204421878,0.0015061787562444806,0.1,False
1,phrase,Car-Stop-IncomLane,triplet,0.0015067820204421878,0.0015061120502650738,0.1,False
1,phrase,Car-Stop-Jun,triplet,0.0015067820204421878,0.0015065560583025217,0.1,False
1,phrase,Car-Stop-parking,triplet,0.0015067820204421878,0.0015061378944665194,0.1,False
1,phrase,Car-IncatLft-VehLane,triplet,0.0015067820204421878,0.0015062913298606873,0.1,False
1,phrase,Car-IncatLft-OutgoLane,triplet,0.0015067820204421878,0.0015060374280437827,0.1,False
1,phrase,Car-IncatLft-IncomLane,triplet,0.0015067820204421878,0.0015061356825754046,0.1,False
1,phrase,Car-IncatLft-Jun,triplet,0.0015067820204421878,0.00150589260738343,0.1,False
1,phrase,Car-IncatRht-VehLane,triplet,0.0015067820204421878,0.0015061686281114817,0.1,False
1,phrase,Car-IncatRht-OutgoLane,triplet,0.0015067820204421878,0.0015060770092532039,0.1,False
1,phrase,Car-IncatRht-IncomLane,triplet,0.0015067820204421878,0.0015064147301018238,0.1,False
1,phrase,Car-IncatRht-Jun,triplet,0.0015067820204421878,0.0015060582663863897,0.1,False
1,phrase,Car-HazLit-IncomLane,triplet,0.0015067820204421878,0.0015067820204421878,0.1,True
1,phrase,Car-TurLft-VehLane,triplet,0.0015067820204421878,0.0015063694445416331,0.1,False
1,phrase,Car-TurLft-Jun,triplet,0.0015067820204421878,0.0015058991266414523,0.1,False
1,phrase,Car-TurRht-Jun,triplet,0.0015067820204421878,0.0015063716564327478,0.1,False
1,phrase,Car-MovRht-OutgoLane,triplet,0.0015067820204421878,0.001506055356003344,0.1,False
1,phrase,Car-MovLft-VehLane,triplet,0.0015067820204421878,0.0015066851628944278,0.1,False
1,phrase,Car-MovLft-OutgoLane,triplet,0.0015067820204421878,0.0015062023885548115,0.1,False
1,phrase,Car-XingFmLft-Jun,triplet,0.0015067820204421878,0.0015061248559504747,0.1,False
1,phrase,Car-XingFmRht-Jun,triplet,0.0015067820204421878,0.0015061442973092198,0.1,False
1,phrase,Cyc-MovAway-OutgoCycLane,triplet,0.0015067820204421878,0.00150643615052104,0.1,False
1,phrase,Cyc-MovAway-RhtPav,triplet,0.0015067820204421878,0.0015067820204421878,0.1,True
1,phrase,Cyc-MovTow-IncomLane,triplet,0.0015067820204421878,0.0015067820204421878,0.1,True
1,phrase,Cyc-MovTow-RhtPav,triplet,0.0015067820204421878,0.0015067820204421878,0.1,True
1,phrase,MedVeh-MovAway-VehLane,triplet,0.0015067820204421878,0.0015058538410812616,0.1,False
1,phrase,MedVeh-MovAway-OutgoLane,triplet,0.0015067820204421878,0.0015047781635075808,0.1,False
1,phrase,MedVeh-MovAway-Jun,triplet,0.0015067820204421878,0.001505784341134131,0.1,False
1,phrase,MedVeh-MovTow-IncomLane,triplet,0.0015067820204421878,0.0015062367310747504,0.1,False
1,phrase,MedVeh-MovTow-Jun,triplet,0.0015067820204421878,0.0015061277663335204,0.1,False
1,phrase,MedVeh-Brake-VehLane,triplet,0.0015067820204421878,0.0015059879515320063,0.1,False
1,phrase,MedVeh-Brake-OutgoLane,triplet,0.0015067820204421878,0.0015057987766340375,0.1,False
1,phrase,MedVeh-Brake-Jun,triplet,0.0015067820204421878,0.0015057370765134692,0.1,False
1,phrase,MedVeh-Stop-VehLane,triplet,0.0015067820204421878,0.0015055648982524872,0.1,False
1,phrase,MedVeh-Stop-OutgoLane,triplet,0.0015067820204421878,0.0015055012190714478,0.1,False
1,phrase,MedVeh-Stop-IncomLane,triplet,0.0015067820204421878,0.0015053792158141732,0.1,False
1,phrase,MedVeh-Stop-Jun,triplet,0.0015067820204421878,0.0015054960967972875,0.1,False
1,phrase,MedVeh-Stop-parking,triplet,0.0015067820204421878,0.001506012282334268,0.1,False
1,phrase,MedVeh-IncatLft-IncomLane,triplet,0.0015067820204421878,0.0015062604798004031,0.1,False
1,phrase,MedVeh-IncatRht-Jun,triplet,0.0015067820204421878,0.0015060941223055124,0.1,False
1,phrase,MedVeh-TurRht-Jun,triplet,0.0015067820204421878,0.0015061614103615284,0.1,False
1,phrase,MedVeh-XingFmLft-Jun,triplet,0.0015067820204421878,0.0015061557060107589,0.1,False
1,phrase,MedVeh-XingFmRht-Jun,triplet,0.0015067820204421878,0.0015062375459820032,0.1,False
1,phrase,LarVeh-MovAway-VehLane,triplet,0.0015067820204421878,0.0015058889985084534,0.1,False
1,phrase,LarVeh-MovTow-IncomLane,triplet,0.0015067820204421878,0.001505836728028953,0.1,False
1,phrase,LarVeh-Stop-VehLane,triplet,0.0015067820204421878,0.001505934982560575,0.1,False
1,phrase,LarVeh-Stop-Jun,triplet,0.0015067820204421878,0.0015089004300534725,0.1,False
1,phrase,Bus-MovAway-OutgoLane,triplet,0.0015067820204421878,0.0015060524456202984,0.1,False
1,phrase,Bus-MovTow-IncomLane,triplet,0.0015067820204421878,0.0015061501180753112,0.1,False
1,phrase,Bus-Stop-VehLane,triplet,0.0015067820204421878,0.001506249769590795,0.1,False
1,phrase,Bus-Stop-OutgoLane,triplet,0.0015067820204421878,0.0015073560643941164,0.1,False
1,phrase,Bus-Stop-IncomLane,triplet,0.0015067820204421878,0.0015066356863826513,0.1,False
1,phrase,Bus-Stop-Jun,triplet,0.0015067820204421878,0.001506532309576869,0.1,False
1,phrase,Bus-HazLit-OutgoLane,triplet,0.0015067820204421878,0.0015067820204421878,0.1,True
1,shuffled,Ped-MovAway,duplex,0.0015115047572180629,0.0015093323308974504,0.1,False
1,shuffled,Ped-MovTow,duplex,0.0015115047572180629,0.001509136869572103,0.1,False
1,shuffled,Ped-Mov,duplex,0.0015115047572180629,0.0015092776156961918,0.1,False
1,shuffled,Ped-Stop,duplex,0.0015115047572180629,0.0015101071912795305,0.1,False
1,shuffled,Ped-Wait2X,duplex,0.0015115047572180629,0.0015094048576429486,0.1,False
1,shuffled,Ped-XingFmLft,duplex,0.0015115047572180629,0.0015100431628525257,0.1,False
1,shuffled,Ped-XingFmRht,duplex,0.0015115047572180629,0.0015100676100701094,0.1,False
1,shuffled,Ped-Xing,duplex,0.0015115047572180629,0.00150982104241848,0.1,False
1,shuffled,Ped-PushObj,duplex,0.0015115047572180629,0.001510237343609333,0.1,False
1,shuffled,Car-MovAway,duplex,0.0015115047572180629,0.0015102538745850325,0.1,False
1,shuffled,Car-MovTow,duplex,0.0015115047572180629,0.0015105926431715488,0.1,False
1,shuffled,Car-Brake,duplex,0.0015115047572180629,0.0015104868216440082,0.1,False
1,shuffled,Car-Stop,duplex,0.0015115047572180629,0.001509693800471723,0.1,False
1,shuffled,Car-IncatLft,duplex,0.0015115047572180629,0.0015110536478459835,0.1,False
1,shuffled,Car-IncatRht,duplex,0.0015115047572180629,0.0015096283750608563,0.1,False
1,shuffled,Car-HazLit,duplex,0.0015115047572180629,0.0015098549192771316,0.1,False
1,shuffled,Car-TurLft,duplex,0.0015115047572180629,0.0015098145231604576,0.1,False
1,shuffled,Car-TurRht,duplex,0.0015115047572180629,0.001510581816546619,0.1,False
1,shuffled,Car-MovRht,duplex,0.0015115047572180629,0.001510227331891656,0.1,False
1,shuffled,Car-MovLft,duplex,0.0015115047572180629,0.001510385423898697,0.1,False
1,shuffled,Car-XingFmLft,duplex,0.0015115047572180629,0.0015100023010745645,0.1,False
1,shuffled,Car-XingFmRht,duplex,0.0015115047572180629,0.0015101301250979304,0.1,False
1,shuffled,Cyc-MovAway,duplex,0.0015115047572180629,0.0015097636496648192,0.1,False
1,shuffled,Cyc-MovTow,duplex,0.0015115047572180629,0.0015098419971764088,0.1,False
1,shuffled,Cyc-Stop,duplex,0.0015115047572180629,0.0015102624893188477,0.1,False
1,shuffled,Mobike-Stop,duplex,0.0015115047572180629,0.001510061090812087,0.1,False
1,shuffled,MedVeh-MovAway,duplex,0.0015115047572180629,0.0015092064859345555,0.1,False
1,shuffled,MedVeh-MovTow,duplex,0.0015115047572180629,0.001510289148427546,0.1,False
1,shuffled,MedVeh-Brake,duplex,0.0015115047572180629,0.0015093617839738727,0.1,False
1,shuffled,MedVeh-Stop,duplex,0.0015115047572180629,0.0015098153380677104,0.1,False
1,shuffled,MedVeh-IncatLft,duplex,0.0015115047572180629,0.001510257483460009,0.1,False
1,shuffled,MedVeh-IncatRht,duplex,0.0015115047572180629,0.0015099742449820042,0.1,False
1,shuffled,MedVeh-HazLit,duplex,0.0015115047572180629,0.0015106718055903912,0.1,False
1,shuffled,MedVeh-TurRht,duplex,0.0015115047572180629,0.0015105983475223184,0.1,False
1,shuffled,MedVeh-XingFmLft,duplex,0.0015115047572180629,0.0015104350168257952,0.1,False
1,shuffled,MedVeh-XingFmRht,duplex,0.0015115047572180629,0.001510558184236288,0.1,False
1,shuffled,LarVeh-MovAway,duplex,0.0015115047572180629,0.0015090693486854434,0.1,False
1,shuffled,LarVeh-MovTow,duplex,0.0015115047572180629,0.0015099418815225363,0.1,False
1,shuffled,LarVeh-Stop,duplex,0.0015115047572180629,0.0015106328064575791,0.1,False
1,shuffled,LarVeh-HazLit,duplex,0.0015115047572180629,0.0015101473545655608,0.1,False
1,shuffled,Bus-MovAway,duplex,0.0015115047572180629,0.001509926631115377,0.1,False
1,shuffled,Bus-MovTow,duplex,0.0015115047572180629,0.001510060392320156,0.1,False
1,shuffled,Bus-Brake,duplex,0.0015115047572180629,0.0015096262795850635,0.1,False
1,shuffled,Bus-Stop,duplex,0.0015115047572180629,0.0015102869365364313,0.1,False
1,shuffled,Bus-HazLit,duplex,0.0015115047572180629,0.0015094127738848329,0.1,False
1,shuffled,EmVeh-Stop,duplex,0.0015115047572180629,0.001510497648268938,0.1,False
1,shuffled,TL-Red,duplex,0.0015115047572180629,0.001509830355644226,0.1,False
1,shuffled,TL-Amber,duplex,0.0015115047572180629,0.0015099504962563515,0.1,False
1,shuffled,TL-Green,duplex,0.0015115047572180629,0.0015097204595804214,0.1,False
1,shuffled,Ped-MovAway-LftPav,triplet,0.0015115047572180629,0.0015089910011738539,0.1,False
1,shuffled,Ped-MovAway-RhtPav,triplet,0.0015115047572180629,0.0015096522402018309,0.1,False
1,shuffled,Ped-MovAway-Jun,triplet,0.0015115047572180629,0.001510175527073443,0.1,False
1,shuffled,Ped-MovTow-LftPav,triplet,0.0015115047572180629,0.0015098389703780413,0.1,False
1,shuffled,Ped-MovTow-RhtPav,triplet,0.0015115047572180629,0.0015089436201378703,0.1,False
1,shuffled,Ped-MovTow-Jun,triplet,0.0015115047572180629,0.0015108969528228045,0.1,False
1,shuffled,Ped-Mov-OutgoLane,triplet,0.0015115047572180629,0.0015115047572180629,0.1,True
1,shuffled,Ped-Mov-Pav,triplet,0.0015115047572180629,0.0015097311697900295,0.1,False
1,shuffled,Ped-Mov-RhtPav,triplet,0.0015115047572180629,0.0015093388501554728,0.1,False
1,shuffled,Ped-Stop-OutgoLane,triplet,0.0015115047572180629,0.0015098635340109468,0.1,False
1,shuffled,Ped-Stop-Pav,triplet,0.0015115047572180629,0.001509450958110392,0.1,False
1,shuffled,Ped-Stop-LftPav,triplet,0.0015115047572180629,0.001510079950094223,0.1,False
1,shuffled,Ped-Stop-RhtPav,triplet,0.0015115047572180629,0.0015091914683580399,0.1,False
1,shuffled,Ped-Stop-BusStop,triplet,0.0015115047572180629,0.0015093402471393347,0.1,False
1,shuffled,Ped-Wait2X-RhtPav,triplet,0.0015115047572180629,0.0015097347786650062,0.1,False
1,shuffled,Ped-Wait2X-Jun,triplet,0.0015115047572180629,0.001509422087110579,0.1,False
1,shuffled,Ped-XingFmLft-Jun,triplet,0.0015115047572180629,0.0015107307117432356,0.1,False
1,shuffled,Ped-XingFmRht-Jun,triplet,0.0015115047572180629,0.001510362490080297,0.1,False
1,shuffled,Ped-XingFmRht-xing,triplet,0.0015115047572180629,0.001509975641965866,0.1,False
1,shuffled,Ped-Xing-Jun,triplet,0.0015115047572180629,0.0015092677203938365,0.1,False
1,shuffled,Ped-PushObj-LftPav,triplet,0.0015115047572180629,0.0015099180163815618,0.1,False
1,shuffled,Ped-PushObj-RhtPav,triplet,0.0015115047572180629,0.001509923953562975,0.1,False
1,shuffled,Car-MovAway-VehLane,triplet,0.0015115047572180629,0.001510175527073443,0.1,False
1,shuffled,Car-MovAway-OutgoLane,triplet,0.0015115047572180629,0.0015102120814844966,0.1,False
1,shuffled,Car-MovAway-Jun,triplet,0.0015115047572180629,0.0015099000884220004,0.1,False
1,shuffled,Car-MovTow-VehLane,triplet,0.0015115047572180629,0.0015104847261682153,0.1,False
1,shuffled,Car-MovTow-IncomLane,triplet,0.0015115047572180629,0.0015104918275028467,0.1,False
1,shuffled,Car-MovTow-Jun,triplet,0.0015115047572180629,0.0015101827448233962,0.1,False
1,shuffled,Car-Brake-VehLane,triplet,0.0015115047572180629,0.001509693800471723,0.1,False
1,shuffled,Car-Brake-OutgoLane,triplet,0.0015115047572180629,0.0015102538745850325,0.1,False
1,shuffled,Car-Brake-Jun,triplet,0.0015115047572180629,0.0015100756427273154,0.1,False
1,shuffled,Car-Stop-VehLane,triplet,0.0015115047572180629,0.0015099899610504508,0.1,False
1,shuffled,Car-Stop-OutgoLane,triplet,0.0015115047572180629,0.0015102049801498652,0.1,False
1,shuffled,Car-Stop-IncomLane,triplet,0.0015115047572180629,0.001510508474893868,0.1,False
1,shuffled,Car-Stop-Jun,triplet,0.0015115047572180629,0.0015111890388652682,0.1,False
1,shuffled,Car-Stop-parking,triplet,0.0015115047572180629,0.0015098239528015256,0.1,False
1,shuffled,Car-IncatLft-VehLane,triplet,0.0015115047572180629,0.0015100381569936872,0.1,False
1,shuffled,Car-IncatLft-OutgoLane,triplet,0.0015115047572180629,0.0015102215111255646,0.1,False
1,shuffled,Car-IncatLft-IncomLane,triplet,0.0015115047572180629,0.0015100870514288545,0.1,False
1,shuffled,Car-IncatLft-Jun,triplet,0.0015115047572180629,0.001509799505583942,0.1,False
1,shuffled,Car-IncatRht-VehLane,triplet,0.0015115047572180629,0.0015099303564056754,0.1,False
1,shuffled,Car-IncatRht-OutgoLane,triplet,0.0015115047572180629,0.001509672380052507,0.1,False
1,shuffled,Car-IncatRht-IncomLane,triplet,0.0015115047572180629,0.0015106011414900422,0.1,False
1,shuffled,Car-IncatRht-Jun,triplet,0.0015115047572180629,0.0015099403681233525,0.1,False
1,shuffled,Car-HazLit-IncomLane,triplet,0.0015115047572180629,0.0015115047572180629,0.1,True
1,shuffled,Car-TurLft-VehLane,triplet,0.0015115047572180629,0.0015102538745850325,0.1,False
1,shuffled,Car-TurLft-Jun,triplet,0.0015115047572180629,0.0015098267467692494,0.1,False
1,shuffled,Car-TurRht-Jun,triplet,0.0015115047572180629,0.0015106422360986471,0.1,False
1,shuffled,Car-MovRht-OutgoLane,triplet,0.0015115047572180629,0.0015101697063073516,0.1,False
1,shuffled,Car-MovLft-VehLane,triplet,0.0015115047572180629,0.001511006965301931,0.1,False
1,shuffled,Car-MovLft-OutgoLane,triplet,0.0015115047572180629,0.0015107328072190285,0.1,False
1,shuffled,Car-XingFmLft-Jun,triplet,0.0015115047572180629,0.0015100460732355714,0.1,False
1,shuffled,Car-XingFmRht-Jun,triplet,0.0015115047572180629,0.0015097110299393535,0.1,False
1,shuffled,Cyc-MovAway-OutgoCycLane,triplet,0.0015115047572180629,0.001510164001956582,0.1,False
1,shuffled,Cyc-MovAway-RhtPav,triplet,0.0015115047572180629,0.0015115047572180629,0.1,True
1,shuffled,Cyc-MovTow-IncomLane,triplet,0.0015115047572180629,0.0015115047572180629,0.1,True
1,shuffled,Cyc-MovTow-RhtPav,triplet,0.0015115047572180629,0.0015115047572180629,0.1,True
1,shuffled,MedVeh-MovAway-VehLane,triplet,0.0015115047572180629,0.0015103782061487436,0.1,False
1,shuffled,MedVeh-MovAway-OutgoLane,triplet,0.0015115047572180629,0.0015090815722942352,0.1,False
1,shuffled,MedVeh-MovAway-Jun,triplet,0.0015115047572180629,0.0015096470015123487,0.1,False
1,shuffled,MedVeh-MovTow-IncomLane,triplet,0.0015115047572180629,0.0015100842574611306,0.1,False
1,shuffled,MedVeh-MovTow-Jun,triplet,0.0015115047572180629,0.0015100783202797174,0.1,False
1,shuffled,MedVeh-Brake-VehLane,triplet,0.0015115047572180629,0.0015098396688699722,0.1,False
1,shuffled,MedVeh-Brake-OutgoLane,triplet,0.0015115047572180629,0.0015093201072886586,0.1,False
1,shuffled,MedVeh-Brake-Jun,triplet,0.0015115047572180629,0.001510029542259872,0.1,False
1,shuffled,MedVeh-Stop-VehLane,triplet,0.0015115047572180629,0.0015094754053279757,0.1,False
1,shuffled,MedVeh-Stop-OutgoLane,triplet,0.0015115047572180629,0.001509631983935833,0.1,False
1,shuffled,MedVeh-Stop-IncomLane,triplet,0.0015115047572180629,0.001509401947259903,0.1,False
1,shuffled,MedVeh-Stop-Jun,triplet,0.0015115047572180629,0.001509496825747192,0.1,False
1,shuffled,MedVeh-Stop-parking,triplet,0.0015115047572180629,0.00151018553879112,0.1,False
1,shuffled,MedVeh-IncatLft-IncomLane,triplet,0.0015115047572180629,0.001510392758063972,0.1,False
1,shuffled,MedVeh-IncatRht-Jun,triplet,0.0015115047572180629,0.0015099216252565384,0.1,False
1,shuffled,MedVeh-TurRht-Jun,triplet,0.0015115047572180629,0.001510209171101451,0.1,False
1,shuffled,MedVeh-XingFmLft-Jun,triplet,0.0015115047572180629,0.0015100238379091024,0.1,False
1,shuffled,MedVeh-XingFmRht-Jun,triplet,0.0015115047572180629,0.0015102552715688944,0.1,False
1,shuffled,LarVeh-MovAway-VehLane,triplet,0.0015115047572180629,0.00150947249494493,0.1,False
1,shuffled,LarVeh-MovTow-IncomLane,triplet,0.0015115047572180629,0.0015092792455106974,0.1,False
1,shuffled,LarVeh-Stop-VehLane,triplet,0.0015115047572180629,0.001510051777586341,0.1,False
1,shuffled,LarVeh-Stop-Jun,triplet,0.0015115047572180629,0.0015129303792491555,0.1,False
1,shuffled,Bus-MovAway-OutgoLane,triplet,0.0015115047572180629,0.001509778667241335,0.1,False
1,shuffled,Bus-MovTow-IncomLane,triplet,0.0015115047572180629,0.0015095091657713056,0.1,False
1,shuffled,Bus-Stop-VehLane,triplet,0.0015115047572180629,0.001509997877292335,0.1,False
1,shuffled,Bus-Stop-OutgoLane,triplet,0.0015115047572180629,0.0015106911305338144,0.1,False
1,shuffled,Bus-Stop-IncomLane,triplet,0.0015115047572180629,0.001510746544227004,0.1,False
1,shuffled,Bus-Stop-Jun,triplet,0.0015115047572180629,0.0015102545730769634,0.1,False
1,shuffled,Bus-HazLit-OutgoLane,triplet,0.0015115047572180629,0.0015115047572180629,0.1,True
0,phrase,Ped-MovAway,duplex,0.0015269186114892364,0.001526055857539177,0.1,False
0,phrase,Ped-MovTow,duplex,0.0015269186114892364,0.0015261663356795907,0.1,False
0,phrase,Ped-Mov,duplex,0.0015269186114892364,0.0015263879904523492,0.1,False
0,phrase,Ped-Stop,duplex,0.0015269186114892364,0.0015260514337569475,0.1,False
0,phrase,Ped-Wait2X,duplex,0.0015269186114892364,0.0015262971865013242,0.1,False
0,phrase,Ped-XingFmLft,duplex,0.0015269186114892364,0.0015265151159837842,0.1,False
0,phrase,Ped-XingFmRht,duplex,0.0015269186114892364,0.001526561682112515,0.1,False
0,phrase,Ped-Xing,duplex,0.0015269186114892364,0.0015263051027432084,0.1,False
0,phrase,Ped-PushObj,duplex,0.0015269186114892364,0.0015268393326550722,0.1,False
0,phrase,Car-MovAway,duplex,0.0015269186114892364,0.0015259330393746495,0.1,False
0,phrase,Car-MovTow,duplex,0.0015269186114892364,0.0015255778562277555,0.1,False
0,phrase,Car-Brake,duplex,0.0015269186114892364,0.0015261584194377065,0.1,False
0,phrase,Car-Stop,duplex,0.0015269186114892364,0.001526938285678625,0.1,False
0,phrase,Car-IncatLft,duplex,0.0015269186114892364,0.0015268117422237992,0.1,False
0,phrase,Car-IncatRht,duplex,0.0015269186114892364,0.0015265311812981963,0.1,False
0,phrase,Car-HazLit,duplex,0.0015269186114892364,0.001526678679510951,0.1,False
0,phrase,Car-TurLft,duplex,0.0015269186114892364,0.001526616862975061,0.1,False
0,phrase,Car-TurRht,duplex,0.0015269186114892364,0.0015266677364706993,0.1,False
0,phrase,Car-MovRht,duplex,0.0015269186114892364,0.001526098814792931,0.1,False
0,phrase,Car-MovLft,duplex,0.0015269186114892364,0.001526345731690526,0.1,False
0,phrase,Car-XingFmLft,duplex,0.0015269186114892364,0.001526632229797542,0.1,False
0,phrase,Car-XingFmRht,duplex,0.0015269186114892364,0.0015266735572367907,0.1,False
0,phrase,Cyc-MovAway,duplex,0.0015269186114892364,0.0015260661020874977,0.1,False
0,phrase,Cyc-MovTow,duplex,0.0015269186114892364,0.001526218606159091,0.1,False
0,phrase,Cyc-Stop,duplex,0.0015269186114892364,0.0015259265201166272,0.1,False
0,phrase,Mobike-Stop,duplex,0.0015269186114892364,0.0015263698296621442,0.1,False
0,phrase,MedVeh-MovAway,duplex,0.0015269186114892364,0.0015255451435223222,0.1,False
0,phrase,MedVeh-MovTow,duplex,0.0015269186114892364,0.0015259680803865194,0.1,False
0,phrase,MedVeh-Brake,duplex,0.0015269186114892364,0.001526145962998271,0.1,False
0,phrase,MedVeh-Stop,duplex,0.0015269186114892364,0.001526651089079678,0.1,False
0,phrase,MedVeh-IncatLft,duplex,0.0015269186114892364,0.0015266037080436945,0.1,False
0,phrase,MedVeh-IncatRht,duplex,0.0015269186114892364,0.001526550855487585,0.1,False
0,phrase,MedVeh-HazLit,duplex,0.0015269186114892364,0.0015262083616107702,0.1,False
0,phrase,MedVeh-TurRht,duplex,0.0015269186114892364,0.0015264578396454453,0.1,False
0,phrase,MedVeh-XingFmLft,duplex,0.0015269186114892364,0.0015265645924955606,0.1,False
0,phrase,MedVeh-XingFmRht,duplex,0.0015269186114892364,0.0015263102250173688,0.1,False
0,phrase,LarVeh-MovAway,duplex,0.0015269186114892364,0.0015258931089192629,0.1,False
0,phrase,LarVeh-MovTow,duplex,0.0015269186114892364,0.0015259752981364727,0.1,False
0,phrase,LarVeh-Stop,duplex,0.0015269186114892364,0.0015262244269251823,0.1,False
0,phrase,LarVeh-HazLit,duplex,0.0015269186114892364,0.0015263130189850926,0.1,False
0,phrase,Bus-MovAway,duplex,0.0015269186114892364,0.0015260115033015609,0.1,False
0,phrase,Bus-MovTow,duplex,0.0015269186114892364,0.0015261162770912051,0.1,False
0,phrase,Bus-Brake,duplex,0.0015269186114892364,0.001526225940324366,0.1,False
0,phrase,Bus-Stop,duplex,0.0015269186114892364,0.0015260304789990187,0.1,False
0,phrase,Bus-HazLit,duplex,0.0015269186114892364,0.0015263501554727554,0.1,False
0,phrase,EmVeh-Stop,duplex,0.0015269186114892364,0.0015257137129083276,0.1,False
0,phrase,TL-Red,duplex,0.0015269186114892364,0.0015263335080817342,0.1,False
0,phrase,TL-Amber,duplex,0.0015269186114892364,0.001526517327874899,0.1,False
0,phrase,TL-Green,duplex,0.0015269186114892364,0.001526577747426927,0.1,False
0,phrase,Ped-MovAway-LftPav,triplet,0.0015269186114892364,0.001526207895949483,0.1,False
0,phrase,Ped-MovAway-RhtPav,triplet,0.0015269186114892364,0.0015259047504514456,0.1,False
0,phrase,Ped-MovAway-Jun,triplet,0.0015269186114892364,0.0015263588866218925,0.1,False
0,phrase,Ped-MovTow-LftPav,triplet,0.0015269186114892364,0.0015262477099895477,0.1,False
0,phrase,Ped-MovTow-RhtPav,triplet,0.0015269186114892364,0.0015259708743542433,0.1,False
0,phrase,Ped-MovTow-Jun,triplet,0.0015269186114892364,0.0015259258216246963,0.1,False
0,phrase,Ped-Mov-OutgoLane,triplet,0.0015269186114892364,0.0015269186114892364,0.1,True
0,phrase,Ped-Mov-Pav,triplet,0.0015269186114892364,0.0015261953230947256,0.1,False
0,phrase,Ped-Mov-RhtPav,triplet,0.0015269186114892364,0.001526245498098433,0.1,False
0,phrase,Ped-Stop-OutgoLane,triplet,0.0015269186114892364,0.0015260609798133373,0.1,False
0,phrase,Ped-Stop-Pav,triplet,0.0015269186114892364,0.00152614526450634,0.1,False
0,phrase,Ped-Stop-LftPav,triplet,0.0015269186114892364,0.001526099513284862,0.1,False
0,phrase,Ped-Stop-RhtPav,triplet,0.0015269186114892364,0.0015258480561897159,0.1,False
0,phrase,Ped-Stop-BusStop,triplet,0.0015269186114892364,0.0015264962567016482,0.1,False
0,phrase,Ped-Wait2X-RhtPav,triplet,0.0015269186114892364,0.001526145962998271,0.1,False
0,phrase,Ped-Wait2X-Jun,triplet,0.0015269186114892364,0.0015261380467563868,0.1,False
0,phrase,Ped-XingFmLft-Jun,triplet,0.0015269186114892364,0.0015263501554727554,0.1,False
0,phrase,Ped-XingFmRht-Jun,triplet,0.0015269186114892364,0.00152643455658108,0.1,False
0,phrase,Ped-XingFmRht-xing,triplet,0.0015269186114892364,0.0015266415430232882,0.1,False
0,phrase,Ped-Xing-Jun,triplet,0.0015269186114892364,0.0015260784421116114,0.1,False
0,phrase,Ped-PushObj-LftPav,triplet,0.0015269186114892364,0.0015263879904523492,0.1,False
0,phrase,Ped-PushObj-RhtPav,triplet,0.0015269186114892364,0.0015265827532857656,0.1,False
0,phrase,Car-MovAway-VehLane,triplet,0.0015269186114892364,0.0015262499218806624,0.1,False
0,phrase,Car-MovAway-OutgoLane,triplet,0.0015269186114892364,0.0015262194210663438,0.1,False
0,phrase,Car-MovAway-Jun,triplet,0.0015269186114892364,0.0015261424705386162,0.1,False
0,phrase,Car-MovTow-VehLane,triplet,0.0015269186114892364,0.0015236020553857088,0.1,False
0,phrase,Car-MovTow-IncomLane,triplet,0.0015269186114892364,0.0015260697109624743,0.1,False
0,phrase,Car-MovTow-Jun,triplet,0.0015269186114892364,0.0015260326908901334,0.1,False
0,phrase,Car-Brake-VehLane,triplet,0.0015269186114892364,0.0015265573747456074,0.1,False
0,phrase,Car-Brake-OutgoLane,triplet,0.0015269186114892364,0.0015264148823916912,0.1,False
0,phrase,Car-Brake-Jun,triplet,0.0015269186114892364,0.0015265144174918532,0.1,False
0,phrase,Car-Stop-VehLane,triplet,0.0015269186114892364,0.0015263588866218925,0.1,False
0,phrase,Car-Stop-OutgoLane,triplet,0.0015269186114892364,0.0015263059176504612,0.1,False
0,phrase,Car-Stop-IncomLane,triplet,0.0015269186114892364,0.0015281586674973369,0.1,False
0,phrase,Car-Stop-Jun,triplet,0.0015269186114892364,0.0015257428167387843,0.1,False
0,phrase,Car-Stop-parking,triplet,0.0015269186114892364,0.001526608131825924,0.1,False
0,phrase,Car-IncatLft-VehLane,triplet,0.0015269186114892364,0.001526225940324366,0.1,False
0,phrase,Car-IncatLft-OutgoLane,triplet,0.0015269186114892364,0.0015264496905729175,0.1,False
0,phrase,Car-IncatLft-IncomLane,triplet,0.0015269186114892364,0.0015263023087754846,0.1,False
0,phrase,Car-IncatLft-Jun,triplet,0.0015269186114892364,0.0015260871732607484,0.1,False
0,phrase,Car-IncatRht-VehLane,triplet,0.0015269186114892364,0.0015266408445313573,0.1,False
0,phrase,Car-IncatRht-OutgoLane,triplet,0.0015269186114892364,0.0015263742534443736,0.1,False
0,phrase,Car-IncatRht-IncomLane,triplet,0.0015269186114892364,0.0015263326931744814,0.1,False
0,phrase,Car-IncatRht-Jun,triplet,0.0015269186114892364,0.0015262688975781202,0.1,False
0,phrase,Car-HazLit-IncomLane,triplet,0.0015269186114892364,0.0015269186114892364,0.1,True
0,phrase,Car-TurLft-VehLane,triplet,0.0015269186114892364,0.0015264200046658516,0.1,False
0,phrase,Car-TurLft-Jun,triplet,0.0015269186114892364,0.001526570413261652,0.1,False
0,phrase,Car-TurRht-Jun,triplet,0.0015269186114892364,0.0015265929978340864,0.1,False
0,phrase,Car-MovRht-OutgoLane,triplet,0.0015269186114892364,0.0015260711079463363,0.1,False
0,phrase,Car-MovLft-VehLane,triplet,0.0015269186114892364,0.0015262149972841144,0.1,False
0,phrase,Car-MovLft-OutgoLane,triplet,0.0015269186114892364,0.0015264214016497135,0.1,False
0,phrase,Car-XingFmLft-Jun,triplet,0.0015269186114892364,0.0015265311812981963,0.1,False
0,phrase,Car-XingFmRht-Jun,triplet,0.0015269186114892364,0.0015265652909874916,0.1,False
0,phrase,Cyc-MovAway-OutgoCycLane,triplet,0.0015269186114892364,0.0015268393326550722,0.1,False
0,phrase,Cyc-MovAway-RhtPav,triplet,0.0015269186114892364,0.0015269186114892364,0.1,True
0,phrase,Cyc-MovTow-IncomLane,triplet,0.0015269186114892364,0.0015269186114892364,0.1,True
0,phrase,Cyc-MovTow-RhtPav,triplet,0.0015269186114892364,0.0015269186114892364,0.1,True
0,phrase,MedVeh-MovAway-VehLane,triplet,0.0015269186114892364,0.0015265543479472399,0.1,False
0,phrase,MedVeh-MovAway-OutgoLane,triplet,0.0015269186114892364,0.0015254849568009377,0.1,False
0,phrase,MedVeh-MovAway-Jun,triplet,0.0015269186114892364,0.00152607262134552,0.1,False
0,phrase,MedVeh-MovTow-IncomLane,triplet,0.0015269186114892364,0.0015261298976838589,0.1,False
0,phrase,MedVeh-MovTow-Jun,triplet,0.0015269186114892364,0.0015266132541000843,0.1,False
0,phrase,MedVeh-Brake-VehLane,triplet,0.0015269186114892364,0.0015259991632774472,0.1,False
0,phrase,MedVeh-Brake-OutgoLane,triplet,0.0015269186114892364,0.0015259890351444483,0.1,False
0,phrase,MedVeh-Brake-Jun,triplet,0.0015269186114892364,0.0015259323408827186,0.1,False
0,phrase,MedVeh-Stop-VehLane,triplet,0.0015269186114892364,0.0015246281400322914,0.1,False
0,phrase,MedVeh-Stop-OutgoLane,triplet,0.0015269186114892364,0.0015259680803865194,0.1,False
0,phrase,MedVeh-Stop-IncomLane,triplet,0.0015269186114892364,0.0015258807688951492,0.1,False
0,phrase,MedVeh-Stop-Jun,triplet,0.0015269186114892364,0.0015258074272423983,0.1,False
0,phrase,MedVeh-Stop-parking,triplet,0.0015269186114892364,0.001525983214378357,0.1,False
0,phrase,MedVeh-IncatLft-IncomLane,triplet,0.0015269186114892364,0.0015263298992067575,0.1,False
0,phrase,MedVeh-IncatRht-Jun,triplet,0.0015269186114892364,0.001526435255073011,0.1,False
0,phrase,MedVeh-TurRht-Jun,triplet,0.0015269186114892364,0.0015264454996213317,0.1,False
0,phrase,MedVeh-XingFmLft-Jun,triplet,0.0015269186114892364,0.0015264613321051002,0.1,False
0,phrase,MedVeh-XingFmRht-Jun,triplet,0.0015269186114892364,0.0015263858949765563,0.1,False
0,phrase,LarVeh-MovAway-VehLane,triplet,0.0015269186114892364,0.001525981817394495,0.1,False
0,phrase,LarVeh-MovTow-IncomLane,triplet,0.0015269186114892364,0.0015259722713381052,0.1,False
0,phrase,LarVeh-Stop-VehLane,triplet,0.0015269186114892364,0.0015288114082068205,0.1,False
0,phrase,LarVeh-Stop-Jun,triplet,0.0015269186114892364,0.0015259338542819023,0.1,False
0,phrase,Bus-MovAway-OutgoLane,triplet,0.0015269186114892364,0.0015260748332366347,0.1,False
0,phrase,Bus-MovTow-IncomLane,triplet,0.0015269186114892364,0.001526201143860817,0.1,False
0,phrase,Bus-Stop-VehLane,triplet,0.0015269186114892364,0.0015263415407389402,0.1,False
0,phrase,Bus-Stop-OutgoLane,triplet,0.0015269186114892364,0.0015259876381605864,0.1,False
0,phrase,Bus-Stop-IncomLane,triplet,0.0015269186114892364,0.0015261357184499502,0.1,False
0,phrase,Bus-Stop-Jun,triplet,0.0015269186114892364,0.0015256417682394385,0.1,False
0,phrase,Bus-HazLit-OutgoLane,triplet,0.0015269186114892364,0.0015269186114892364,0.1,True
0,shuffled,Ped-MovAway,duplex,0.0015175649896264076,0.0015154954744502902,0.1,False
0,shuffled,Ped-MovTow,duplex,0.0015175649896264076,0.001515237265266478,0.1,False
0,shuffled,Ped-Mov,duplex,0.0015175649896264076,0.0015149060636758804,0.1,False
0,shuffled,Ped-Stop,duplex,0.0015175649896264076,0.0015162352938205004,0.1,False
0,shuffled,Ped-Wait2X,duplex,0.0015175649896264076,0.001515337498858571,0.1,False
0,shuffled,Ped-XingFmLft,duplex,0.0015175649896264076,0.0015160201583057642,0.1,False
0,shuffled,Ped-XingFmRht,duplex,0.0015175649896264076,0.0015164634678512812,0.1,False
0,shuffled,Ped-Xing,duplex,0.0015175649896264076,0.0015159905888140202,0.1,False
0,shuffled,Ped-PushObj,duplex,0.0015175649896264076,0.0015165118966251612,0.1,False
0,shuffled,Car-MovAway,duplex,0.0015175649896264076,0.0015162028139457107,0.1,False
0,shuffled,Car-MovTow,duplex,0.0015175649896264076,0.001516238204203546,0.1,False
0,shuffled,Car-Brake,duplex,0.0015175649896264076,0.001516080810688436,0.1,False
0,shuffled,Car-Stop,duplex,0.0015175649896264076,0.0015164735959842801,0.1,False
0,shuffled,Car-IncatLft,duplex,0.0015175649896264076,0.0015171047998592257,0.1,False
0,shuffled,Car-IncatRht,duplex,0.0015175649896264076,0.0015157185262069106,0.1,False
0,shuffled,Car-HazLit,duplex,0.0015175649896264076,0.001516534946858883,0.1,False
0,shuffled,Car-TurLft,duplex,0.0015175649896264076,0.0015162136405706406,0.1,False
0,shuffled,Car-TurRht,duplex,0.0015175649896264076,0.0015168028185144067,0.1,False
0,shuffled,Car-MovRht,duplex,0.0015175649896264076,0.0015160628827288747,0.1,False
0,shuffled,Car-MovLft,duplex,0.0015175649896264076,0.0015166179509833455,0.1,False
0,shuffled,Car-XingFmLft,duplex,0.0015175649896264076,0.0015163985081017017,0.1,False
0,shuffled,Car-XingFmRht,duplex,0.0015175649896264076,0.0015163016505539417,0.1,False
0,shuffled,Cyc-MovAway,duplex,0.0015175649896264076,0.0015158751048147678,0.1,False
0,shuffled,Cyc-MovTow,duplex,0.0015175649896264076,0.0015160988550633192,0.1,False
0,shuffled,Cyc-Stop,duplex,0.0015175649896264076,0.0015165413497015834,0.1,False
0,shuffled,Mobike-Stop,duplex,0.0015175649896264076,0.0015160763869062066,0.1,False
0,shuffled,MedVeh-MovAway,duplex,0.0015175649896264076,0.0015154825523495674,0.1,False
0,shuffled,MedVeh-MovTow,duplex,0.0015175649896264076,0.001516199903562665,0.1,False
0,shuffled,MedVeh-Brake,duplex,0.0015175649896264076,0.0015154298162087798,0.1,False
0,shuffled,MedVeh-Stop,duplex,0.0015175649896264076,0.0015161645133048296,0.1,False
0,shuffled,MedVeh-IncatLft,duplex,0.0015175649896264076,0.0015164099168032408,0.1,False
0,shuffled,MedVeh-IncatRht,duplex,0.0015175649896264076,0.0015161969931796193,0.1,False
0,shuffled,MedVeh-HazLit,duplex,0.0015175649896264076,0.0015166389057412744,0.1,False
0,shuffled,MedVeh-TurRht,duplex,0.0015175649896264076,0.001516497228294611,0.1,False
0,shuffled,MedVeh-XingFmLft,duplex,0.0015175649896264076,0.001516524818725884,0.1,False
0,shuffled,MedVeh-XingFmRht,duplex,0.0015175649896264076,0.0015163167845457792,0.1,False
0,shuffled,LarVeh-MovAway,duplex,0.0015175649896264076,0.0015150071121752262,0.1,False
0,shuffled,LarVeh-MovTow,duplex,0.0015175649896264076,0.0015159862814471126,0.1,False
0,shuffled,LarVeh-Stop,duplex,0.0015175649896264076,0.0015160359907895327,0.1,False
0,shuffled,LarVeh-HazLit,duplex,0.0015175649896264076,0.0015162988565862179,0.1,False
0,shuffled,Bus-MovAway,duplex,0.0015175649896264076,0.001515695359557867,0.1,False
0,shuffled,Bus-MovTow,duplex,0.0015175649896264076,0.0015160619514063,0.1,False
0,shuffled,Bus-Brake,duplex,0.0015175649896264076,0.0015155496075749397,0.1,False
0,shuffled,Bus-Stop,duplex,0.0015175649896264076,0.0015162186464294791,0.1,False
0,shuffled,Bus-HazLit,duplex,0.0015175649896264076,0.0015153115382418036,0.1,False
0,shuffled,EmVeh-Stop,duplex,0.0015175649896264076,0.0015160770853981376,0.1,False
0,shuffled,TL-Red,duplex,0.0015175649896264076,0.0015157278394326568,0.1,False
0,shuffled,TL-Amber,duplex,0.0015175649896264076,0.0015159010654315352,0.1,False
0,shuffled,TL-Green,duplex,0.0015175649896264076,0.0015158570604398847,0.1,False
0,shuffled,Ped-MovAway-LftPav,triplet,0.0015175649896264076,0.0015150459948927164,0.1,False
0,shuffled,Ped-MovAway-RhtPav,triplet,0.0015175649896264076,0.001515774754807353,0.1,False
0,shuffled,Ped-MovAway-Jun,triplet,0.0015175649896264076,0.0015163125935941935,0.1,False
0,shuffled,Ped-MovTow-LftPav,triplet,0.0015175649896264076,0.001516141346655786,0.1,False
0,shuffled,Ped-MovTow-RhtPav,triplet,0.0015175649896264076,0.0015148737002164125,0.1,False
0,shuffled,Ped-MovTow-Jun,triplet,0.0015175649896264076,0.001516082207672298,0.1,False
0,shuffled,Ped-Mov-OutgoLane,triplet,0.0015175649896264076,0.001517564756795764,0.1,True
0,shuffled,Ped-Mov-Pav,triplet,0.0015175649896264076,0.00151563691906631,0.1,False
0,shuffled,Ped-Mov-RhtPav,triplet,0.0015175649896264076,0.0015152718406170607,0.1,False
0,shuffled,Ped-Stop-OutgoLane,triplet,0.0015175649896264076,0.001515813753940165,0.1,False
0,shuffled,Ped-Stop-Pav,triplet,0.0015175649896264076,0.0015154060674831271,0.1,False
0,shuffled,Ped-Stop-LftPav,triplet,0.0015175649896264076,0.0015161522896960378,0.1,False
0,shuffled,Ped-Stop-RhtPav,triplet,0.0015175649896264076,0.00151505833491683,0.1,False
0,shuffled,Ped-Stop-BusStop,triplet,0.0015175649896264076,0.001515427720732987,0.1,False
0,shuffled,Ped-Wait2X-RhtPav,triplet,0.0015175649896264076,0.0015155518194660544,0.1,False
0,shuffled,Ped-Wait2X-Jun,triplet,0.0015175649896264076,0.0015153505373746157,0.1,False
0,shuffled,Ped-XingFmLft-Jun,triplet,0.0015175649896264076,0.0015168064273893833,0.1,False
0,shuffled,Ped-XingFmRht-Jun,triplet,0.0015175649896264076,0.0015165210934355855,0.1,False
0,shuffled,Ped-XingFmRht-xing,triplet,0.0015175649896264076,0.0015162042109295726,0.1,False
0,shuffled,Ped-Xing-Jun,triplet,0.0015175649896264076,0.0015153137501329184,0.1,False
0,shuffled,Ped-PushObj-LftPav,triplet,0.0015175649896264076,0.0015158981550484896,0.1,False
0,shuffled,Ped-PushObj-RhtPav,triplet,0.0015175649896264076,0.001515932148322463,0.1,False
0,shuffled,Car-MovAway-VehLane,triplet,0.0015175649896264076,0.0015165564836934209,0.1,False
0,shuffled,Car-MovAway-OutgoLane,triplet,0.0015175649896264076,0.001516189076937735,0.1,False
0,shuffled,Car-MovAway-Jun,triplet,0.0015175649896264076,0.001516277901828289,0.1,False
0,shuffled,Car-MovTow-VehLane,triplet,0.0015175649896264076,0.001516358694061637,0.1,False
0,shuffled,Car-MovTow-IncomLane,triplet,0.0015175649896264076,0.001516653341241181,0.1,False
0,shuffled,Car-MovTow-Jun,triplet,0.0015175649896264076,0.0015159421600401402,0.1,False
0,shuffled,Car-Brake-VehLane,triplet,0.0015175649896264076,0.0015154096763581038,0.1,False
0,shuffled,Car-Brake-OutgoLane,triplet,0.0015175649896264076,0.0015162605559453368,0.1,False
0,shuffled,Car-Brake-Jun,triplet,0.0015175649896264076,0.001515676616691053,0.1,False
0,shuffled,Car-Stop-VehLane,triplet,0.0015175649896264076,0.0015158483292907476,0.1,False
0,shuffled,Car-Stop-OutgoLane,triplet,0.0015175649896264076,0.0015162742929533124,0.1,False
0,shuffled,Car-Stop-IncomLane,triplet,0.0015175649896264076,0.0015179312322288752,0.1,False
0,shuffled,Car-Stop-Jun,triplet,0.0015175649896264076,0.0015164411161094904,0.1,False
0,shuffled,Car-Stop-parking,triplet,0.0015175649896264076,0.0015164114302024245,0.1,False
0,shuffled,Car-IncatLft-VehLane,triplet,0.0015175649896264076,0.001515755895525217,0.1,False
0,shuffled,Car-IncatLft-OutgoLane,triplet,0.0015175649896264076,0.0015164605574682355,0.1,False
0,shuffled,Car-IncatLft-IncomLane,triplet,0.0015175649896264076,0.001515942974947393,0.1,False
0,shuffled,Car-IncatLft-Jun,triplet,0.0015175649896264076,0.0015157480956986547,0.1,False
0,shuffled,Car-IncatRht-VehLane,triplet,0.0015175649896264076,0.0015161175979301333,0.1,False
0,shuffled,Car-IncatRht-OutgoLane,triplet,0.0015175649896264076,0.0015157148009166121,0.1,False
0,shuffled,Car-IncatRht-IncomLane,triplet,0.0015175649896264076,0.001516505260951817,0.1,False
0,shuffled,Car-IncatRht-Jun,triplet,0.0015175649896264076,0.0015157625311985612,0.1,False
0,shuffled,Car-HazLit-IncomLane,triplet,0.0015175649896264076,0.001517564756795764,0.1,True
0,shuffled,Car-TurLft-VehLane,triplet,0.0015175649896264076,0.0015162216732278466,0.1,False
0,shuffled,Car-TurLft-Jun,triplet,0.0015175649896264076,0.0015161789488047361,0.1,False
0,shuffled,Car-TurRht-Jun,triplet,0.0015175649896264076,0.0015166201628744602,0.1,False
0,shuffled,Car-MovRht-OutgoLane,triplet,0.0015175649896264076,0.001516040414571762,0.1,False
0,shuffled,Car-MovLft-VehLane,triplet,0.0015175649896264076,0.0015163688221946359,0.1,False
0,shuffled,Car-MovLft-OutgoLane,triplet,0.0015175649896264076,0.0015167378587648273,0.1,False
0,shuffled,Car-XingFmLft-Jun,triplet,0.0015175649896264076,0.0015164634678512812,0.1,False
0,shuffled,Car-XingFmRht-Jun,triplet,0.0015175649896264076,0.001515805022791028,0.1,False
0,shuffled,Cyc-MovAway-OutgoCycLane,triplet,0.0015175649896264076,0.00151643599383533,0.1,False
0,shuffled,Cyc-MovAway-RhtPav,triplet,0.0015175649896264076,0.001517564756795764,0.1,True
0,shuffled,Cyc-MovTow-IncomLane,triplet,0.0015175649896264076,0.001517564756795764,0.1,True
0,shuffled,Cyc-MovTow-RhtPav,triplet,0.0015175649896264076,0.001517564756795764,0.1,True
0,shuffled,MedVeh-MovAway-VehLane,triplet,0.0015175649896264076,0.001517192809842527,0.1,False
0,shuffled,MedVeh-MovAway-OutgoLane,triplet,0.0015175649896264076,0.0015157003654167056,0.1,False
0,shuffled,MedVeh-MovAway-Jun,triplet,0.0015175649896264076,0.0015157083980739117,0.1,False
0,shuffled,MedVeh-MovTow-IncomLane,triplet,0.0015175649896264076,0.001516092335805297,0.1,False
0,shuffled,MedVeh-MovTow-Jun,triplet,0.0015175649896264076,0.0015162251656875014,0.1,False
0,shuffled,MedVeh-Brake-VehLane,triplet,0.0015175649896264076,0.0015158029273152351,0.1,False
0,shuffled,MedVeh-Brake-OutgoLane,triplet,0.0015175649896264076,0.0015153108397498727,0.1,False
0,shuffled,MedVeh-Brake-Jun,triplet,0.0015175649896264076,0.001516112475655973,0.1,False
0,shuffled,MedVeh-Stop-VehLane,triplet,0.0015175649896264076,0.0015145685756579041,0.1,False
0,shuffled,MedVeh-Stop-OutgoLane,triplet,0.0015175649896264076,0.001515913289040327,0.1,False
0,shuffled,MedVeh-Stop-IncomLane,triplet,0.0015175649896264076,0.0015158707974478602,0.1,False
0,shuffled,MedVeh-Stop-Jun,triplet,0.0015175649896264076,0.0015154198044911027,0.1,False
0,shuffled,MedVeh-Stop-parking,triplet,0.0015175649896264076,0.0015157407615333796,0.1,False
0,shuffled,MedVeh-IncatLft-IncomLane,triplet,0.0015175649896264076,0.0015161429764702916,0.1,False
0,shuffled,MedVeh-IncatRht-Jun,triplet,0.0015175649896264076,0.0015159168979153037,0.1,False
0,shuffled,MedVeh-TurRht-Jun,triplet,0.0015175649896264076,0.0015163341304287314,0.1,False
0,shuffled,MedVeh-XingFmLft-Jun,triplet,0.0015175649896264076,0.0015160780167207122,0.1,False
0,shuffled,MedVeh-XingFmRht-Jun,triplet,0.0015175649896264076,0.0015160194598138332,0.1,False
0,shuffled,LarVeh-MovAway-VehLane,triplet,0.0015175649896264076,0.0015154060674831271,0.1,False
0,shuffled,LarVeh-MovTow-IncomLane,triplet,0.0015175649896264076,0.0015154385473579168,0.1,False
0,shuffled,LarVeh-Stop-VehLane,triplet,0.0015175649896264076,0.0015150518156588078,0.1,False
0,shuffled,LarVeh-Stop-Jun,triplet,0.0015175649896264076,0.0015158765017986298,0.1,False
0,shuffled,Bus-MovAway-OutgoLane,triplet,0.0015175649896264076,0.0015157185262069106,0.1,False
0,shuffled,Bus-MovTow-IncomLane,triplet,0.0015175649896264076,0.0015156521694734693,0.1,False
0,shuffled,Bus-Stop-VehLane,triplet,0.0015175649896264076,0.0015162223717197776,0.1,False
0,shuffled,Bus-Stop-OutgoLane,triplet,0.0015175649896264076,0.001516041113063693,0.1,False
0,shuffled,Bus-Stop-IncomLane,triplet,0.0015175649896264076,0.0015158758033066988,0.1,False
0,shuffled,Bus-Stop-Jun,triplet,0.0015175649896264076,0.0015155590372160077,0.1,False
0,shuffled,Bus-HazLit-OutgoLane,triplet,0.0015175649896264076,0.0015175649896264076,0.1,True
2,phrase,Ped-MovAway,duplex,0.0014908377779647708,0.0014900045935064554,0.1,False
2,phrase,Ped-MovTow,duplex,0.0014908377779647708,0.0014900912065058947,0.1,False
2,phrase,Ped-Mov,duplex,0.0014908377779647708,0.0014906283468008041,0.1,False
2,phrase,Ped-Stop,duplex,0.0014908377779647708,0.0014900903915986419,0.1,False
2,phrase,Ped-Wait2X,duplex,0.0014908377779647708,0.0014900385867804289,0.1,False
2,phrase,Ped-XingFmLft,duplex,0.0014908377779647708,0.0014903012197464705,0.1,False
2,phrase,Ped-XingFmRht,duplex,0.0014908377779647708,0.001490280730649829,0.1,False
2,phrase,Ped-Xing,duplex,0.0014908377779647708,0.0014902664115652442,0.1,False
2,phrase,Ped-PushObj,duplex,0.0014908377779647708,0.0014904808485880494,0.1,False
2,phrase,Car-MovAway,duplex,0.0014908377779647708,0.0014893279876559973,0.1,False
2,phrase,Car-MovTow,duplex,0.0014908377779647708,0.0014896882930770516,0.1,False
2,phrase,Car-Brake,duplex,0.0014908377779647708,0.001490358030423522,0.1,False
2,phrase,Car-Stop,duplex,0.0014908377779647708,0.0014900636160746217,0.1,False
2,phrase,Car-IncatLft,duplex,0.0014908377779647708,0.0014907390577718616,0.1,False
2,phrase,Car-IncatRht,duplex,0.0014908377779647708,0.001490228925831616,0.1,False
2,phrase,Car-HazLit,duplex,0.0014908377779647708,0.0014902109978720546,0.1,False
2,phrase,Car-TurLft,duplex,0.0014908377779647708,0.0014903658302500844,0.1,False
2,phrase,Car-TurRht,duplex,0.0014908377779647708,0.0014905346324667335,0.1,False
2,phrase,Car-MovRht,duplex,0.0014908377779647708,0.0014897054061293602,0.1,False
2,phrase,Car-MovLft,duplex,0.0014908377779647708,0.0014900026144459844,0.1,False
2,phrase,Car-XingFmLft,duplex,0.0014908377779647708,0.0014904190320521593,0.1,False
2,phrase,Car-XingFmRht,duplex,0.0014908377779647708,0.0014903764240443707,0.1,False
2,phrase,Cyc-MovAway,duplex,0.0014908377779647708,0.0014899579109624028,0.1,False
2,phrase,Cyc-MovTow,duplex,0.0014908377779647708,0.0014900586102157831,0.1,False
2,phrase,Cyc-Stop,duplex,0.0014908377779647708,0.0014899487141519785,0.1,False
2,phrase,Mobike-Stop,duplex,0.0014908377779647708,0.0014899804955348372,0.1,False
2,phrase,MedVeh-MovAway,duplex,0.0014908377779647708,0.0014895627973601222,0.1,False
2,phrase,MedVeh-MovTow,duplex,0.0014908377779647708,0.001489737187512219,0.1,False
2,phrase,MedVeh-Brake,duplex,0.0014908377779647708,0.0014899976085871458,0.1,False
2,phrase,MedVeh-Stop,duplex,0.0014908377779647708,0.001490022405050695,0.1,False
2,phrase,MedVeh-IncatLft,duplex,0.0014908377779647708,0.0014903501141816378,0.1,False
2,phrase,MedVeh-IncatRht,duplex,0.0014908377779647708,0.00149035663343966,0.1,False
2,phrase,MedVeh-HazLit,duplex,0.0014908377779647708,0.0014899655943736434,0.1,False
2,phrase,MedVeh-TurRht,duplex,0.0014908377779647708,0.0014901601243764162,0.1,False
2,phrase,MedVeh-XingFmLft,duplex,0.0014908377779647708,0.0014903523260727525,0.1,False
2,phrase,MedVeh-XingFmRht,duplex,0.0014908377779647708,0.001490192604251206,0.1,False
2,phrase,LarVeh-MovAway,duplex,0.0014908377779647708,0.0014895081985741854,0.1,False
2,phrase,LarVeh-MovTow,duplex,0.0014908377779647708,0.001489761983975768,0.1,False
2,phrase,LarVeh-Stop,duplex,0.0014908377779647708,0.0014895712956786156,0.1,False
2,phrase,LarVeh-HazLit,duplex,0.0014908377779647708,0.0014901941176503897,0.1,False
2,phrase,Bus-MovAway,duplex,0.0014908377779647708,0.001490123919211328,0.1,False
2,phrase,Bus-MovTow,duplex,0.0014908377779647708,0.0014900641981512308,0.1,False
2,phrase,Bus-Brake,duplex,0.0014908377779647708,0.0014904297422617674,0.1,False
2,phrase,Bus-Stop,duplex,0.0014908377779647708,0.001490010996349156,0.1,False
2,phrase,Bus-HazLit,duplex,0.0014908377779647708,0.0014904850395396352,0.1,False
2,phrase,EmVeh-Stop,duplex,0.0014908377779647708,0.001489632180891931,0.1,False
2,phrase,TL-Red,duplex,0.0014908377779647708,0.0014901785179972649,0.1,False
2,phrase,TL-Amber,duplex,0.0014908377779647708,0.0014905183343216777,0.1,False
2,phrase,TL-Green,duplex,0.0014908377779647708,0.001490268507041037,0.1,False
2,phrase,Ped-MovAway-LftPav,triplet,0.0014908377779647708,0.0014902083203196526,0.1,False
2,phrase,Ped-MovAway-RhtPav,triplet,0.0014908377779647708,0.0014898846857249737,0.1,False
2,phrase,Ped-MovAway-Jun,triplet,0.0014908377779647708,0.0014901948161423206,0.1,False
2,phrase,Ped-MovTow-LftPav,triplet,0.0014908377779647708,0.0014901442918926477,0.1,False
2,phrase,Ped-MovTow-RhtPav,triplet,0.0014908377779647708,0.001489891903474927,0.1,False
2,phrase,Ped-MovTow-Jun,triplet,0.0014908377779647708,0.0014899364905431867,0.1,False
2,phrase,Ped-Mov-OutgoLane,triplet,0.0014908377779647708,0.0014908377779647708,0.1,True
2,phrase,Ped-Mov-Pav,triplet,0.0014908377779647708,0.0014903700212016702,0.1,False
2,phrase,Ped-Mov-RhtPav,triplet,0.0014908377779647708,0.0014903650153428316,0.1,False
2,phrase,Ped-Stop-OutgoLane,triplet,0.0014908377779647708,0.001490397728048265,0.1,False
2,phrase,Ped-Stop-Pav,triplet,0.0014908377779647708,0.0014902601251378655,0.1,False
2,phrase,Ped-Stop-LftPav,triplet,0.0014908377779647708,0.0014900045935064554,0.1,False
2,phrase,Ped-Stop-RhtPav,triplet,0.0014908377779647708,0.0014898634981364012,0.1,False
2,phrase,Ped-Stop-BusStop,triplet,0.0014908377779647708,0.0014904027339071035,0.1,False
2,phrase,Ped-Wait2X-RhtPav,triplet,0.0014908377779647708,0.0014901210088282824,0.1,False
2,phrase,Ped-Wait2X-Jun,triplet,0.0014908377779647708,0.001489798305556178,0.1,False
2,phrase,Ped-XingFmLft-Jun,triplet,0.0014908377779647708,0.0014899628004059196,0.1,False
2,phrase,Ped-XingFmRht-Jun,triplet,0.0014908377779647708,0.0014900329988449812,0.1,False
2,phrase,Ped-XingFmRht-xing,triplet,0.0014908377779647708,0.0014904069248586893,0.1,False
2,phrase,Ped-Xing-Jun,triplet,0.0014908377779647708,0.0014898471999913454,0.1,False
2,phrase,Ped-PushObj-LftPav,triplet,0.0014908377779647708,0.001490448135882616,0.1,False
2,phrase,Ped-PushObj-RhtPav,triplet,0.0014908377779647708,0.0014898031949996948,0.1,False
2,phrase,Car-MovAway-VehLane,triplet,0.0014908377779647708,0.0014897451037541032,0.1,False
2,phrase,Car-MovAway-OutgoLane,triplet,0.0014908377779647708,0.0014902402181178331,0.1,False
2,phrase,Car-MovAway-Jun,triplet,0.0014908377779647708,0.0014900969108566642,0.1,False
2,phrase,Car-MovTow-VehLane,triplet,0.0014908377779647708,0.0014893250772729516,0.1,False
2,phrase,Car-MovTow-IncomLane,triplet,0.0014908377779647708,0.0014899868983775377,0.1,False
2,phrase,Car-MovTow-Jun,triplet,0.0014908377779647708,0.00148994370829314,0.1,False
2,phrase,Car-Brake-VehLane,triplet,0.0014908377779647708,0.0014904630370438099,0.1,False
2,phrase,Car-Brake-OutgoLane,triplet,0.0014908377779647708,0.0014901359099894762,0.1,False
2,phrase,Car-Brake-Jun,triplet,0.0014908377779647708,0.0014901338145136833,0.1,False
2,phrase,Car-Stop-VehLane,triplet,0.0014908377779647708,0.0014900293899700046,0.1,False
2,phrase,Car-Stop-OutgoLane,triplet,0.0014908377779647708,0.0014895073836669326,0.1,False
2,phrase,Car-Stop-IncomLane,triplet,0.0014908377779647708,0.001490758964791894,0.1,False
2,phrase,Car-Stop-Jun,triplet,0.0014908377779647708,0.0014903941191732883,0.1,False
2,phrase,Car-Stop-parking,triplet,0.0014908377779647708,0.0014897825894877315,0.1,False
2,phrase,Car-IncatLft-VehLane,triplet,0.0014908377779647708,0.0014902388211339712,0.1,False
2,phrase,Car-IncatLft-OutgoLane,triplet,0.0014908377779647708,0.001490214723162353,0.1,False
2,phrase,Car-IncatLft-IncomLane,triplet,0.0014908377779647708,0.0014900487149134278,0.1,False
2,phrase,Car-IncatLft-Jun,triplet,0.0014908377779647708,0.001490047900006175,0.1,False
2,phrase,Car-IncatRht-VehLane,triplet,0.0014908377779647708,0.0014904190320521593,0.1,False
2,phrase,Car-IncatRht-OutgoLane,triplet,0.0014908377779647708,0.0014900628011673689,0.1,False
2,phrase,Car-IncatRht-IncomLane,triplet,0.0014908377779647708,0.0014903608243912458,0.1,False
2,phrase,Car-IncatRht-Jun,triplet,0.0014908377779647708,0.001490228925831616,0.1,False
2,phrase,Car-HazLit-IncomLane,triplet,0.0014908377779647708,0.0014908377779647708,0.1,True
2,phrase,Car-TurLft-VehLane,triplet,0.0014908377779647708,0.001490304828621447,0.1,False
2,phrase,Car-TurLft-Jun,triplet,0.0014908377779647708,0.0014902402181178331,0.1,False
2,phrase,Car-TurRht-Jun,triplet,0.0014908377779647708,0.0014904715353623033,0.1,False
2,phrase,Car-MovRht-OutgoLane,triplet,0.0014908377779647708,0.0014898357912898064,0.1,False
2,phrase,Car-MovLft-VehLane,triplet,0.0014908377779647708,0.0014895889908075333,0.1,False
2,phrase,Car-MovLft-OutgoLane,triplet,0.0014908377779647708,0.0014899265952408314,0.1,False
2,phrase,Car-XingFmLft-Jun,triplet,0.0014908377779647708,0.0014901167014613748,0.1,False
2,phrase,Car-XingFmRht-Jun,triplet,0.0014908377779647708,0.001490179798565805,0.1,False
2,phrase,Cyc-MovAway-OutgoCycLane,triplet,0.0014908377779647708,0.0014905993593856692,0.1,False
2,phrase,Cyc-MovAway-RhtPav,triplet,0.0014908377779647708,0.0014908377779647708,0.1,True
2,phrase,Cyc-MovTow-IncomLane,triplet,0.0014908377779647708,0.0014908377779647708,0.1,True
2,phrase,Cyc-MovTow-RhtPav,triplet,0.0014908377779647708,0.0014908377779647708,0.1,True
2,phrase,MedVeh-MovAway-VehLane,triplet,0.0014908377779647708,0.001490419846959412,0.1,False
2,phrase,MedVeh-MovAway-OutgoLane,triplet,0.0014908377779647708,0.0014893258921802044,0.1,False
2,phrase,MedVeh-MovAway-Jun,triplet,0.0014908377779647708,0.0014900591922923923,0.1,False
2,phrase,MedVeh-MovTow-IncomLane,triplet,0.0014908377779647708,0.001489852205850184,0.1,False
2,phrase,MedVeh-MovTow-Jun,triplet,0.0014908377779647708,0.0014901614049449563,0.1,False
2,phrase,MedVeh-Brake-VehLane,triplet,0.0014908377779647708,0.0014899075031280518,0.1,False
2,phrase,MedVeh-Brake-OutgoLane,triplet,0.0014908377779647708,0.0014899329980835319,0.1,False
2,phrase,MedVeh-Brake-Jun,triplet,0.0014908377779647708,0.001489984686486423,0.1,False
2,phrase,MedVeh-Stop-VehLane,triplet,0.0014908377779647708,0.001489698188379407,0.1,False
2,phrase,MedVeh-Stop-OutgoLane,triplet,0.0014908377779647708,0.001489644986577332,0.1,False
2,phrase,MedVeh-Stop-IncomLane,triplet,0.0014908377779647708,0.0014894293854013085,0.1,False
2,phrase,MedVeh-Stop-Jun,triplet,0.0014908377779647708,0.0014894549967721105,0.1,False
2,phrase,MedVeh-Stop-parking,triplet,0.0014908377779647708,0.001489852904342115,0.1,False
2,phrase,MedVeh-IncatLft-IncomLane,triplet,0.0014908377779647708,0.0014902267139405012,0.1,False
2,phrase,MedVeh-IncatRht-Jun,triplet,0.0014908377779647708,0.0014903948176652193,0.1,False
2,phrase,MedVeh-TurRht-Jun,triplet,0.0014908377779647708,0.0014902125112712383,0.1,False
2,phrase,MedVeh-XingFmLft-Jun,triplet,0.0014908377779647708,0.0014903239207342267,0.1,False
2,phrase,MedVeh-XingFmRht-Jun,triplet,0.0014908377779647708,0.0014902102993801236,0.1,False
2,phrase,LarVeh-MovAway-VehLane,triplet,0.0014908377779647708,0.0014899144880473614,0.1,False
2,phrase,LarVeh-MovTow-IncomLane,triplet,0.0014908377779647708,0.0014898536028340459,0.1,False
2,phrase,LarVeh-Stop-VehLane,triplet,0.0014908377779647708,0.0014903878327459097,0.1,False
2,phrase,LarVeh-Stop-Jun,triplet,0.0014908377779647708,0.0014897584915161133,0.1,False
2,phrase,Bus-MovAway-OutgoLane,triplet,0.0014908377779647708,0.0014901343965902925,0.1,False
2,phrase,Bus-MovTow-IncomLane,triplet,0.0014908377779647708,0.0014900756068527699,0.1,False
2,phrase,Bus-Stop-VehLane,triplet,0.0014908377779647708,0.0014902345137670636,0.1,False
2,phrase,Bus-Stop-OutgoLane,triplet,0.0014908377779647708,0.0014901756076142192,0.1,False
2,phrase,Bus-Stop-IncomLane,triplet,0.0014908377779647708,0.0014901102986186743,0.1,False
2,phrase,Bus-Stop-Jun,triplet,0.0014908377779647708,0.0014904275303706527,0.1,False
2,phrase,Bus-HazLit-OutgoLane,triplet,0.0014908377779647708,0.0014908377779647708,0.1,True
2,shuffled,Ped-MovAway,duplex,0.0015035133110359311,0.0015012752264738083,0.1,False
2,shuffled,Ped-MovTow,duplex,0.0015035133110359311,0.001500742044299841,0.1,False
2,shuffled,Ped-Mov,duplex,0.0015035133110359311,0.0015005519380792975,0.1,False
2,shuffled,Ped-Stop,duplex,0.0015035133110359311,0.0015018184203654528,0.1,False
2,shuffled,Ped-Wait2X,duplex,0.0015035133110359311,0.0015007777838036418,0.1,False
2,shuffled,Ped-XingFmLft,duplex,0.0015035133110359311,0.0015013087540864944,0.1,False
2,shuffled,Ped-XingFmRht,duplex,0.0015035133110359311,0.0015019357670098543,0.1,False
2,shuffled,Ped-Xing,duplex,0.0015035133110359311,0.001501621911302209,0.1,False
2,shuffled,Ped-PushObj,duplex,0.0015035133110359311,0.0015019600978121161,0.1,False
2,shuffled,Car-MovAway,duplex,0.0015035133110359311,0.0015009042108431458,0.1,False
2,shuffled,Car-MovTow,duplex,0.0015035133110359311,0.0015018850099295378,0.1,False
2,shuffled,Car-Brake,duplex,0.0015035133110359311,0.001501654856838286,0.1,False
2,shuffled,Car-Stop,duplex,0.0015035133110359311,0.0015017871046438813,0.1,False
2,shuffled,Car-IncatLft,duplex,0.0015035133110359311,0.001502920757047832,0.1,False
2,shuffled,Car-IncatRht,duplex,0.0015035133110359311,0.0015014352975413203,0.1,False
2,shuffled,Car-HazLit,duplex,0.0015035133110359311,0.0015016160905361176,0.1,False
2,shuffled,Car-TurLft,duplex,0.0015035133110359311,0.001501952181570232,0.1,False
2,shuffled,Car-TurRht,duplex,0.0015035133110359311,0.0015021803556010127,0.1,False
2,shuffled,Car-MovRht,duplex,0.0015035133110359311,0.001501391758210957,0.1,False
2,shuffled,Car-MovLft,duplex,0.0015035133110359311,0.0015020251739770174,0.1,False
2,shuffled,Car-XingFmLft,duplex,0.0015035133110359311,0.001501347403973341,0.1,False
2,shuffled,Car-XingFmRht,duplex,0.0015035133110359311,0.0015014674281701446,0.1,False
2,shuffled,Cyc-MovAway,duplex,0.0015035133110359311,0.001501585473306477,0.1,False
2,shuffled,Cyc-MovTow,duplex,0.0015035133110359311,0.0015014252858236432,0.1,False
2,shuffled,Cyc-Stop,duplex,0.0015035133110359311,0.001502379891462624,0.1,False
2,shuffled,Mobike-Stop,duplex,0.0015035133110359311,0.001501824939623475,0.1,False
2,shuffled,MedVeh-MovAway,duplex,0.0015035133110359311,0.0015012265648692846,0.1,False
2,shuffled,MedVeh-MovTow,duplex,0.0015035133110359311,0.0015015281969681382,0.1,False
2,shuffled,MedVeh-Brake,duplex,0.0015035133110359311,0.0015008263289928436,0.1,False
2,shuffled,MedVeh-Stop,duplex,0.0015035133110359311,0.0015013294760137796,0.1,False
2,shuffled,MedVeh-IncatLft,duplex,0.0015035133110359311,0.001501983730122447,0.1,False
2,shuffled,MedVeh-IncatRht,duplex,0.0015035133110359311,0.0015019114362075925,0.1,False
2,shuffled,MedVeh-HazLit,duplex,0.0015035133110359311,0.001502358471043408,0.1,False
2,shuffled,MedVeh-TurRht,duplex,0.0015035133110359311,0.00150212028529495,0.1,False
2,shuffled,MedVeh-XingFmLft,duplex,0.0015035133110359311,0.0015020488062873483,0.1,False
2,shuffled,MedVeh-XingFmRht,duplex,0.0015035133110359311,0.0015018729027360678,0.1,False
2,shuffled,LarVeh-MovAway,duplex,0.0015035133110359311,0.0015002754516899586,0.1,False
2,shuffled,LarVeh-MovTow,duplex,0.0015035133110359311,0.0015015474054962397,0.1,False
2,shuffled,LarVeh-Stop,duplex,0.0015035133110359311,0.0015008756890892982,0.1,False
2,shuffled,LarVeh-HazLit,duplex,0.0015035133110359311,0.0015019729034975171,0.1,False
2,shuffled,Bus-MovAway,duplex,0.0015035133110359311,0.0015013903612270951,0.1,False
2,shuffled,Bus-MovTow,duplex,0.0015035133110359311,0.0015016956022009254,0.1,False
2,shuffled,Bus-Brake,duplex,0.0015035133110359311,0.001501303049735725,0.1,False
2,shuffled,Bus-Stop,duplex,0.0015035133110359311,0.0015017313417047262,0.1,False
2,shuffled,Bus-HazLit,duplex,0.0015035133110359311,0.0015011407667770982,0.1,False
2,shuffled,EmVeh-Stop,duplex,0.0015035133110359311,0.0015019435668364167,0.1,False
2,shuffled,TL-Red,duplex,0.0015035133110359311,0.0015011164359748363,0.1,False
2,shuffled,TL-Amber,duplex,0.0015035133110359311,0.0015018898993730545,0.1,False
2,shuffled,TL-Green,duplex,0.0015035133110359311,0.001501029939390719,0.1,False
2,shuffled,Ped-MovAway-LftPav,triplet,0.0015035133110359311,0.0015003056032583117,0.1,False
2,shuffled,Ped-MovAway-RhtPav,triplet,0.0015035133110359311,0.0015011958312243223,0.1,False
2,shuffled,Ped-MovAway-Jun,triplet,0.0015035133110359311,0.0015020495047792792,0.1,False
2,shuffled,Ped-MovTow-LftPav,triplet,0.0015035133110359311,0.0015015711542218924,0.1,False
2,shuffled,Ped-MovTow-RhtPav,triplet,0.0015035133110359311,0.0015002555446699262,0.1,False
2,shuffled,Ped-MovTow-Jun,triplet,0.0015035133110359311,0.0015019442653283477,0.1,False
2,shuffled,Ped-Mov-OutgoLane,triplet,0.0015035133110359311,0.0015035133110359311,0.1,True
2,shuffled,Ped-Mov-Pav,triplet,0.0015035133110359311,0.001501087099313736,0.1,False
2,shuffled,Ped-Mov-RhtPav,triplet,0.0015035133110359311,0.0015010093338787556,0.1,False
2,shuffled,Ped-Stop-OutgoLane,triplet,0.0015035133110359311,0.0015020194696262479,0.1,False
2,shuffled,Ped-Stop-Pav,triplet,0.0015035133110359311,0.0015011264476925135,0.1,False
2,shuffled,Ped-Stop-LftPav,triplet,0.0015035133110359311,0.0015017956029623747,0.1,False
2,shuffled,Ped-Stop-RhtPav,triplet,0.0015035133110359311,0.0015005356399342418,0.1,False
2,shuffled,Ped-Stop-BusStop,triplet,0.0015035133110359311,0.0015008591581135988,0.1,False
2,shuffled,Ped-Wait2X-RhtPav,triplet,0.0015035133110359311,0.0015011680079624057,0.1,False
2,shuffled,Ped-Wait2X-Jun,triplet,0.0015035133110359311,0.0015010321512818336,0.1,False
2,shuffled,Ped-XingFmLft-Jun,triplet,0.0015035133110359311,0.0015021453145891428,0.1,False
2,shuffled,Ped-XingFmRht-Jun,triplet,0.0015035133110359311,0.0015020351856946945,0.1,False
2,shuffled,Ped-XingFmRht-xing,triplet,0.0015035133110359311,0.0015015661483630538,0.1,False
2,shuffled,Ped-Xing-Jun,triplet,0.0015035133110359311,0.001500751357525587,0.1,False
2,shuffled,Ped-PushObj-LftPav,triplet,0.0015035133110359311,0.0015016854740679264,0.1,False
2,shuffled,Ped-PushObj-RhtPav,triplet,0.0015035133110359311,0.0015011264476925135,0.1,False
2,shuffled,Car-MovAway-VehLane,triplet,0.0015035133110359311,0.0015016240067780018,0.1,False
2,shuffled,Car-MovAway-OutgoLane,triplet,0.0015035133110359311,0.001501916442066431,0.1,False
2,shuffled,Car-MovAway-Jun,triplet,0.0015035133110359311,0.0015017562545835972,0.1,False
2,shuffled,Car-MovTow-VehLane,triplet,0.0015035133110359311,0.0015027305344119668,0.1,False
2,shuffled,Car-MovTow-IncomLane,triplet,0.0015035133110359311,0.001502336235716939,0.1,False
2,shuffled,Car-MovTow-Jun,triplet,0.0015035133110359311,0.0015014259843155742,0.1,False
2,shuffled,Car-Brake-VehLane,triplet,0.0015035133110359311,0.0015008499613031745,0.1,False
2,shuffled,Car-Brake-OutgoLane,triplet,0.0015035133110359311,0.0015018535777926445,0.1,False
2,shuffled,Car-Brake-Jun,triplet,0.0015035133110359311,0.0015008463524281979,0.1,False
2,shuffled,Car-Stop-VehLane,triplet,0.0015035133110359311,0.0015012637013569474,0.1,False
2,shuffled,Car-Stop-OutgoLane,triplet,0.0015035133110359311,0.0015012186486274004,0.1,False
2,shuffled,Car-Stop-IncomLane,triplet,0.0015035133110359311,0.0015025623142719269,0.1,False
2,shuffled,Car-Stop-Jun,triplet,0.0015035133110359311,0.0015024299500510097,0.1,False
2,shuffled,Car-Stop-parking,triplet,0.0015035133110359311,0.0015013116644695401,0.1,False
2,shuffled,Car-IncatLft-VehLane,triplet,0.0015035133110359311,0.0015016148099675775,0.1,False
2,shuffled,Car-IncatLft-OutgoLane,triplet,0.0015035133110359311,0.001502233324572444,0.1,False
2,shuffled,Car-IncatLft-IncomLane,triplet,0.0015035133110359311,0.0015016075922176242,0.1,False
2,shuffled,Car-IncatLft-Jun,triplet,0.0015035133110359311,0.0015015131793916225,0.1,False
2,shuffled,Car-IncatRht-VehLane,triplet,0.0015035133110359311,0.0015016861725598574,0.1,False
2,shuffled,Car-IncatRht-OutgoLane,triplet,0.0015035133110359311,0.0015013529919087887,0.1,False
2,shuffled,Car-IncatRht-IncomLane,triplet,0.0015035133110359311,0.0015023734886199236,0.1,False
2,shuffled,Car-IncatRht-Jun,triplet,0.0015035133110359311,0.0015014774398878217,0.1,False
2,shuffled,Car-HazLit-IncomLane,triplet,0.0015035133110359311,0.0015035133110359311,0.1,True
2,shuffled,Car-TurLft-VehLane,triplet,0.0015035133110359311,0.0015020895516499877,0.1,False
2,shuffled,Car-TurLft-Jun,triplet,0.0015035133110359311,0.0015017441473901272,0.1,False
2,shuffled,Car-TurRht-Jun,triplet,0.0015035133110359311,0.0015024642925709486,0.1,False
2,shuffled,Car-MovRht-OutgoLane,triplet,0.0015035133110359311,0.001501448918133974,0.1,False
2,shuffled,Car-MovLft-VehLane,triplet,0.0015035133110359311,0.0015018670819699764,0.1,False
2,shuffled,Car-MovLft-OutgoLane,triplet,0.0015035133110359311,0.0015023949090391397,0.1,False
2,shuffled,Car-XingFmLft-Jun,triplet,0.0015035133110359311,0.0015013058437034488,0.1,False
2,shuffled,Car-XingFmRht-Jun,triplet,0.0015035133110359311,0.0015012859366834164,0.1,False
2,shuffled,Cyc-MovAway-OutgoCycLane,triplet,0.0015035133110359311,0.0015022226143628359,0.1,False
2,shuffled,Cyc-MovAway-RhtPav,triplet,0.0015035133110359311,0.0015035133110359311,0.1,True
2,shuffled,Cyc-MovTow-IncomLane,triplet,0.0015035133110359311,0.0015035133110359311,0.1,True
2,shuffled,Cyc-MovTow-RhtPav,triplet,0.0015035133110359311,0.0015035133110359311,0.1,True
2,shuffled,MedVeh-MovAway-VehLane,triplet,0.0015035133110359311,0.001503055333159864,0.1,False
2,shuffled,MedVeh-MovAway-OutgoLane,triplet,0.0015035133110359311,0.0015012621879577637,0.1,False
2,shuffled,MedVeh-MovAway-Jun,triplet,0.0015035133110359311,0.001501518301665783,0.1,False
2,shuffled,MedVeh-MovTow-IncomLane,triplet,0.0015035133110359311,0.0015017963014543056,0.1,False
2,shuffled,MedVeh-MovTow-Jun,triplet,0.0015035133110359311,0.0015014803502708673,0.1,False
2,shuffled,MedVeh-Brake-VehLane,triplet,0.0015035133110359311,0.0015012481017038226,0.1,False
2,shuffled,MedVeh-Brake-OutgoLane,triplet,0.0015035133110359311,0.0015009257476776838,0.1,False
2,shuffled,MedVeh-Brake-Jun,triplet,0.0015035133110359311,0.0015018749982118607,0.1,False
2,shuffled,MedVeh-Stop-VehLane,triplet,0.0015035133110359311,0.0015010708011686802,0.1,False
2,shuffled,MedVeh-Stop-OutgoLane,triplet,0.0015035133110359311,0.0015013109659776092,0.1,False
2,shuffled,MedVeh-Stop-IncomLane,triplet,0.0015035133110359311,0.00150135881267488,0.1,False
2,shuffled,MedVeh-Stop-Jun,triplet,0.0015035133110359311,0.0015011521754786372,0.1,False
2,shuffled,MedVeh-Stop-parking,triplet,0.0015035133110359311,0.0015014831442385912,0.1,False
2,shuffled,MedVeh-IncatLft-IncomLane,triplet,0.0015035133110359311,0.0015020259888842702,0.1,False
2,shuffled,MedVeh-IncatRht-Jun,triplet,0.0015035133110359311,0.001501543214544654,0.1,False
2,shuffled,MedVeh-TurRht-Jun,triplet,0.0015035133110359311,0.0015019658021628857,0.1,False
2,shuffled,MedVeh-XingFmLft-Jun,triplet,0.0015035133110359311,0.0015017141122370958,0.1,False
2,shuffled,MedVeh-XingFmRht-Jun,triplet,0.0015035133110359311,0.001501655438914895,0.1,False
2,shuffled,LarVeh-MovAway-VehLane,triplet,0.0015035133110359311,0.0015012250514701009,0.1,False
2,shuffled,LarVeh-MovTow-IncomLane,triplet,0.0015035133110359311,0.0015011586947366595,0.1,False
2,shuffled,LarVeh-Stop-VehLane,triplet,0.0015035133110359311,0.0015021346043795347,0.1,False
2,shuffled,LarVeh-Stop-Jun,triplet,0.0015035133110359311,0.0015016011893749237,0.1,False
2,shuffled,Bus-MovAway-OutgoLane,triplet,0.0015035133110359311,0.001501348102465272,0.1,False
2,shuffled,Bus-MovTow-IncomLane,triplet,0.0015035133110359311,0.0015010792994871736,0.1,False
2,shuffled,Bus-Stop-VehLane,triplet,0.0015035133110359311,0.0015017878031358123,0.1,False
2,shuffled,Bus-Stop-OutgoLane,triplet,0.0015035133110359311,0.001501937280409038,0.1,False
2,shuffled,Bus-Stop-IncomLane,triplet,0.0015035133110359311,0.0015014695236459374,0.1,False
2,shuffled,Bus-Stop-Jun,triplet,0.0015035133110359311,0.0015018285484984517,0.1,False
2,shuffled,Bus-HazLit-OutgoLane,triplet,0.0015035133110359311,0.0015035133110359311,0.1,True
