seed,class,variant,ap,expected_ap,delta_pp
0,MedVeh-Stop-VehLane,head-flat,1.370738419512732,1.3707393407821655,-9.212694336291349e-07
0,MedVeh-Stop-VehLane,head-phrase,15.452467907030396,15.452467918395996,-1.1365600016688404e-08
0,MedVeh-Stop-VehLane,stage5,6.456071291534409,6.456064701080322,6.590454086463637e-06
0,MedVeh-Stop-VehLane,stage6,7.435029319494463,7.435029983520508,-6.640260448165236e-07
1,MedVeh-Stop-VehLane,head-flat,1.1755517193459342,1.1755526065826416,-8.872367074364007e-07
1,MedVeh-Stop-VehLane,head-phrase,13.543507094719198,13.54350757598877,-4.812695717504312e-07
1,MedVeh-Stop-VehLane,stage5,20.27214342994804,20.27214241027832,1.0196697211029004e-06
1,MedVeh-Stop-VehLane,stage6,29.678738704683177,29.678985595703125,-0.0002468910199482366
2,MedVeh-Stop-VehLane,head-flat,0.8516903093760612,0.8516891598701477,1.1495059134558616e-06
2,MedVeh-Stop-VehLane,head-phrase,16.1417415605537,16.141746520996094,-4.960442392842879e-06
2,MedVeh-Stop-VehLane,stage5,17.607824602208844,17.607818603515625,5.9986932186006925e-06
2,MedVeh-Stop-VehLane,stage6,16.569769580228268,16.56977081298828,-1.2327600131811778e-06
0,Bus-Stop-VehLane,head-flat,34.322114312742094,34.322113037109375,1.2756327194551886e-06
0,Bus-Stop-VehLane,head-phrase,24.771750651543012,24.771751403808594,-7.522655813829715e-07
0,Bus-Stop-VehLane,stage5,33.9910362422583,33.99103546142578,7.808325221958512e-07
0,Bus-Stop-VehLane,stage6,56.300423984116286,56.30218505859375,-0.0017610744774643194
1,Bus-Stop-VehLane,head-flat,3.3250153501908692,3.3250160217285156,-6.715376463795053e-07
1,Bus-Stop-VehLane,head-phrase,25.706659528746346,25.7066593170166,2.117297448478439e-07
1,Bus-Stop-VehLane,stage5,17.732431885431758,17.732431411743164,4.736885941269975e-07
1,Bus-Stop-VehLane,stage6,31.159714242804704,31.159730911254883,-1.6668450179224692e-05
2,Bus-Stop-VehLane,head-flat,6.898055984291703,6.898036003112793,1.9981178909667108e-05
2,Bus-Stop-VehLane,head-phrase,26.191371994735686,26.191360473632812,1.1521102873501832e-05
2,Bus-Stop-VehLane,stage5,19.64674281367677,19.646747589111328,-4.775434558013103e-06
2,Bus-Stop-VehLane,stage6,49.657054492857405,49.657047271728516,7.221128889511874e-06
0,LarVeh-Stop-Jun,head-flat,30.332458731192723,30.33247184753418,-1.3116341456509417e-05
0,LarVeh-Stop-Jun,head-phrase,41.73655703780933,41.73655700683594,3.0973389186783606e-08
0,LarVeh-Stop-Jun,stage5,3.4420689272660154,3.4420697689056396,-8.416396242161284e-07
0,LarVeh-Stop-Jun,stage6,21.445108812992626,21.44510841369629,3.9929633643964735e-07
1,LarVeh-Stop-Jun,head-flat,29.287022603541985,29.287023544311523,-9.407695387153581e-07
1,LarVeh-Stop-Jun,head-phrase,41.316167270405664,41.3161735534668,-6.283061132705825e-06
1,LarVeh-Stop-Jun,stage5,46.32655765980062,46.326663970947266,-0.00010631114664505503
1,LarVeh-Stop-Jun,stage6,4.101878919186581,4.101877689361572,1.229825008941532e-06
2,LarVeh-Stop-Jun,head-flat,29.65670623205806,29.656705856323242,3.7573481748154336e-07
2,LarVeh-Stop-Jun,head-phrase,41.85616336683931,41.856163024902344,3.4193696762940817e-07
2,LarVeh-Stop-Jun,stage5,29.91720382779844,29.91978645324707,-0.002582625448631859
2,LarVeh-Stop-Jun,stage6,8.599869982006556,8.59986686706543,3.1149411263697857e-06
0,Ped-XingFmRht-xing,head-flat,0.9228508092079584,0.9228505492210388,2.5998691954853825e-07
0,Ped-XingFmRht-xing,head-phrase,3.340002795045479,3.3400022983551025,4.966903763836683e-07
0,Ped-XingFmRht-xing,stage5,17.095986707767675,17.09600257873535,-1.5870967676079317e-05
0,Ped-XingFmRht-xing,stage6,5.397726590537277,5.397727012634277,-4.220970000190505e-07
1,Ped-XingFmRht-xing,head-flat,0.45821371096234803,0.4582136571407318,5.382161621936277e-08
1,Ped-XingFmRht-xing,head-phrase,3.6530075816782985,3.6530070304870605,5.511912379851935e-07
1,Ped-XingFmRht-xing,stage5,8.281723766385264,8.281896591186523,-0.0001728248012593525
1,Ped-XingFmRht-xing,stage6,6.504732485849421,6.504732608795166,-1.2294574514015721e-07
2,Ped-XingFmRht-xing,head-flat,1.3286867870752905,1.3286826610565186,4.126018771977158e-06
2,Ped-XingFmRht-xing,head-phrase,3.985375482758285,3.9853765964508057,-1.1136925208710124e-06
2,Ped-XingFmRht-xing,stage5,13.401673674830484,13.401674270629883,-5.957993991501098e-07
2,Ped-XingFmRht-xing,stage6,3.8262465137244255,3.826244592666626,1.921057799503245e-06
0,Ped-MovTow-LftPav,head-flat,21.796732362233236,21.796720504760742,1.1857472493659316e-05
0,Ped-MovTow-LftPav,head-phrase,10.562448593880776,10.562447547912598,1.045968177848522e-06
0,Ped-MovTow-LftPav,stage5,22.204549507852185,22.20450782775879,4.168009339622358e-05
0,Ped-MovTow-LftPav,stage6,24.876663602473506,24.876649856567383,1.3745906123574514e-05
1,Ped-MovTow-LftPav,head-flat,21.1875778376509,21.18758201599121,-4.178340311966622e-06
1,Ped-MovTow-LftPav,head-phrase,11.200505582942084,11.200511932373047,-6.349430963226155e-06
1,Ped-MovTow-LftPav,stage5,26.002183522530114,26.00218391418457,-3.9165445642197483e-07
1,Ped-MovTow-LftPav,stage6,25.024623223500193,25.024620056152344,3.1673478488869478e-06
2,Ped-MovTow-LftPav,head-flat,20.96915706458242,20.96915626525879,7.993236295078532e-07
2,Ped-MovTow-LftPav,head-phrase,10.929039942887615,10.928299903869629,0.0007400390179856942
2,Ped-MovTow-LftPav,stage5,23.4674248403726,23.467424392700195,4.476724058122272e-07
2,Ped-MovTow-LftPav,stage6,23.6041963203445,23.604196548461914,-2.2811741473560687e-07
0,Bus-MovAway-OutgoLane,head-flat,2.9504998899705703,2.950503349304199,-3.45933362888573e-06
0,Bus-MovAway-OutgoLane,head-phrase,5.759980486756208,5.759995937347412,-1.545059120378056e-05
0,Bus-MovAway-OutgoLane,stage5,8.797546723264496,8.79754638671875,3.365457459381105e-07
0,Bus-MovAway-OutgoLane,stage6,9.524001907056038,9.524001121520996,7.855350414587292e-07
1,Bus-MovAway-OutgoLane,head-flat,4.1149969312945585,4.114997386932373,-4.5563781458923813e-07
1,Bus-MovAway-OutgoLane,head-phrase,6.941146486715895,6.941146373748779,1.1296711566188833e-07
1,Bus-MovAway-OutgoLane,stage5,9.0579197257509,9.0579195022583,2.2349259864995474e-07
1,Bus-MovAway-OutgoLane,stage6,13.642080782654741,13.64197826385498,0.00010251879976053146
2,Bus-MovAway-OutgoLane,head-flat,3.471128985700683,3.471118211746216,1.0773954467246938e-05
2,Bus-MovAway-OutgoLane,head-phrase,7.7655344208658645,7.7655348777771,-4.5691123506941267e-07
2,Bus-MovAway-OutgoLane,stage5,4.85667789934303,4.856678009033203,-1.0969017338879894e-07
2,Bus-MovAway-OutgoLane,stage6,10.483279550362962,10.48327922821045,3.2215251266620726e-07
