seed,class,gt_count,candidate_count,budget_factor,budget,head-flat_tp,head-phrase_tp,stage5_tp,stage6_tp,phrase_only_opportunities,preserved_by_stage6,lost_by_stage6,stage5_hits_lost,stage6_rescues,head-flat_fp,head-phrase_fp,stage5_fp,stage6_fp
0,MedVeh-Stop-VehLane,1655,6163968,0.5,827,27,207,27,39,202,18,184,17,29,800,620,800,788
0,MedVeh-Stop-VehLane,1655,6163968,1.0,1655,88,259,112,124,222,64,158,86,98,1567,1396,1543,1531
0,MedVeh-Stop-VehLane,1655,6163968,2.0,3310,181,437,351,326,246,123,123,255,230,3129,2873,2959,2984
1,MedVeh-Stop-VehLane,1655,6163968,0.5,827,0,204,308,443,105,104,1,12,147,827,623,519,384
1,MedVeh-Stop-VehLane,1655,6163968,1.0,1655,21,229,438,488,48,48,0,31,81,1634,1426,1217,1167
1,MedVeh-Stop-VehLane,1655,6163968,2.0,3310,91,357,531,542,74,52,22,47,58,3219,2953,2779,2768
2,MedVeh-Stop-VehLane,1655,6163968,0.5,827,3,203,335,286,46,12,34,84,35,824,624,492,541
2,MedVeh-Stop-VehLane,1655,6163968,1.0,1655,52,232,419,395,30,12,18,68,44,1603,1423,1236,1260
2,MedVeh-Stop-VehLane,1655,6163968,2.0,3310,111,441,601,471,54,7,47,151,21,3199,2869,2709,2839
0,Bus-Stop-VehLane,583,6163968,0.5,291,127,59,118,200,39,13,26,15,97,164,232,173,91
0,Bus-Stop-VehLane,583,6163968,1.0,583,156,118,185,268,53,6,47,21,104,427,465,398,315
0,Bus-Stop-VehLane,583,6163968,2.0,1166,256,301,339,403,70,35,35,63,127,910,865,827,763
1,Bus-Stop-VehLane,583,6163968,0.5,291,0,58,114,131,50,42,8,100,117,291,233,177,160
1,Bus-Stop-VehLane,583,6163968,1.0,583,3,119,191,185,65,57,8,126,120,580,464,392,398
1,Bus-Stop-VehLane,583,6163968,2.0,1166,18,290,257,289,124,102,22,94,126,1148,876,909,877
2,Bus-Stop-VehLane,583,6163968,0.5,291,51,58,91,209,54,33,21,20,138,240,233,200,82
2,Bus-Stop-VehLane,583,6163968,1.0,583,73,124,149,293,95,74,21,13,157,510,459,434,290
2,Bus-Stop-VehLane,583,6163968,2.0,1166,91,300,200,350,158,122,36,27,177,1075,866,966,816
0,LarVeh-Stop-Jun,615,6163968,0.5,307,203,183,20,122,163,33,130,20,122,104,124,287,185
0,LarVeh-Stop-Jun,615,6163968,1.0,615,259,264,60,158,204,103,101,54,152,356,351,555,457
0,LarVeh-Stop-Jun,615,6163968,2.0,1230,296,325,100,200,226,127,99,59,159,934,905,1130,1030
1,LarVeh-Stop-Jun,615,6163968,0.5,307,199,184,242,28,15,2,13,217,3,108,123,65,279
1,LarVeh-Stop-Jun,615,6163968,1.0,615,246,253,295,48,9,0,9,247,0,369,362,320,567
1,LarVeh-Stop-Jun,615,6163968,2.0,1230,278,323,333,106,23,0,23,228,1,952,907,897,1124
2,LarVeh-Stop-Jun,615,6163968,0.5,307,191,181,159,46,106,0,106,119,6,116,126,148,261
2,LarVeh-Stop-Jun,615,6163968,1.0,615,268,267,252,97,39,0,39,178,23,347,348,363,518
2,LarVeh-Stop-Jun,615,6163968,2.0,1230,302,330,308,188,29,7,22,161,41,928,900,922,1042
0,Ped-XingFmRht-xing,660,6163968,0.5,330,17,40,119,49,21,8,13,90,20,313,290,211,281
0,Ped-XingFmRht-xing,660,6163968,1.0,660,36,60,146,68,22,10,12,97,19,624,600,514,592
0,Ped-XingFmRht-xing,660,6163968,2.0,1320,57,85,175,94,22,11,11,98,17,1263,1235,1145,1226
1,Ped-XingFmRht-xing,660,6163968,0.5,330,10,42,84,67,30,6,24,68,51,320,288,246,263
1,Ped-XingFmRht-xing,660,6163968,1.0,660,15,71,112,88,35,16,19,81,57,645,589,548,572
1,Ped-XingFmRht-xing,660,6163968,2.0,1320,29,93,151,119,42,25,17,89,57,1291,1227,1169,1201
2,Ped-XingFmRht-xing,660,6163968,0.5,330,27,49,97,42,18,0,18,76,21,303,281,233,288
2,Ped-XingFmRht-xing,660,6163968,1.0,660,42,74,121,65,18,0,18,87,31,618,586,539,595
2,Ped-XingFmRht-xing,660,6163968,2.0,1320,59,99,149,99,21,2,19,90,40,1261,1221,1171,1221
0,Ped-MovTow-LftPav,18271,6163968,0.5,9135,3864,1870,3856,4252,238,102,136,508,904,5271,7265,5279,4883
0,Ped-MovTow-LftPav,18271,6163968,1.0,18271,5931,3532,5846,6385,297,160,137,433,972,12340,14739,12425,11886
0,Ped-MovTow-LftPav,18271,6163968,2.0,36542,8223,5934,8125,8578,175,120,55,304,757,28319,30608,28417,27964
1,Ped-MovTow-LftPav,18271,6163968,0.5,9135,3699,1965,4314,4193,348,198,150,935,814,5436,7170,4821,4942
1,Ped-MovTow-LftPav,18271,6163968,1.0,18271,5675,3654,6266,6262,415,268,147,805,801,12596,14617,12005,12009
1,Ped-MovTow-LftPav,18271,6163968,2.0,36542,7878,6038,8389,8363,352,237,115,570,544,28664,30504,28153,28179
2,Ped-MovTow-LftPav,18271,6163968,0.5,9135,3680,1904,4224,4071,232,103,129,892,739,5455,7231,4911,5064
2,Ped-MovTow-LftPav,18271,6163968,1.0,18271,5676,3597,6181,6042,283,125,158,794,655,12595,14674,12090,12229
2,Ped-MovTow-LftPav,18271,6163968,2.0,36542,7809,6034,8252,8200,196,136,60,521,469,28733,30508,28290,28342
0,Bus-MovAway-OutgoLane,452,6163968,0.5,226,28,37,58,55,21,12,9,28,25,198,189,168,171
0,Bus-MovAway-OutgoLane,452,6163968,1.0,452,55,73,87,67,29,8,21,37,17,397,379,365,385
0,Bus-MovAway-OutgoLane,452,6163968,2.0,904,76,121,115,89,29,2,27,37,11,828,783,789,815
1,Bus-MovAway-OutgoLane,452,6163968,0.5,226,34,48,59,67,19,9,10,5,13,192,178,167,159
1,Bus-MovAway-OutgoLane,452,6163968,1.0,452,47,80,75,89,31,18,13,8,22,405,372,377,363
1,Bus-MovAway-OutgoLane,452,6163968,2.0,904,70,122,113,123,27,10,17,4,14,834,782,791,781
2,Bus-MovAway-OutgoLane,452,6163968,0.5,226,36,49,42,66,18,8,10,4,28,190,177,184,160
2,Bus-MovAway-OutgoLane,452,6163968,1.0,452,55,87,63,91,37,26,11,14,42,397,365,389,361
2,Bus-MovAway-OutgoLane,452,6163968,2.0,904,73,129,82,106,56,33,23,17,41,831,775,822,798
