seed,expert,weight,bce,positive_contribution,negative_contribution,triplet_AP,tail47_AP,deep28_AP,common39_AP
0,phrase,0.0,0.12082511841882032,0.004488620218537098,0.11633649820028323,13.158019843193708,4.450344992052193,3.632919549370031,23.651884407389904
0,phrase,0.0003353501,0.12084189440312687,0.004487297213140189,0.11635459718998667,13.16095570509066,4.454315639379892,3.6388106215338167,23.65357322017799
0,phrase,0.0015,0.12090149784228572,0.004484019935228546,0.11641747790705718,13.166951682566035,4.459864234267612,3.644399243031047,23.66010835102824
0,phrase,0.005,0.12108378964105132,0.0044771263587313715,0.11660666328231993,13.18459729761119,4.4772002245392635,3.6616093705466723,23.67812710362094
0,phrase,0.01,0.12134726728822672,0.0044697990448270015,0.11687746824339972,13.211622601056037,4.503838131059916,3.6884743346417,23.705619270025725
0,phrase,0.025,0.12214734554934954,0.004453828044813195,0.11769351750453634,13.292466139525214,4.582658065764187,3.7735544300614094,23.788901510467984
0,phrase,0.05,0.1235004088787432,0.004435182688712309,0.11906522619003089,13.434569061581506,4.734418131118076,3.9420306212667264,23.919366336755385
0,phrase,0.1,0.12626098372015368,0.004410459698408246,0.12185052402174545,13.687913047166921,5.001128495702287,4.224056886583354,24.156602122008923
0,phrase,0.2,0.1319666225512045,0.004384364044551228,0.12758225850665328,14.229264108639779,5.685767080455004,5.071528231104632,24.52527334773425
0,phrase,0.35,0.14094752141314,0.004375707040382945,0.13657181437275706,15.028171957154088,6.919530092938149,6.635512957231841,24.800124973004067
0,phrase,0.5,0.1504213926878964,0.004390033892217997,0.1460313587956784,15.642392058486381,8.191472791463072,8.198974362597935,24.621705021309353
0,phrase,0.75,0.16733779855977973,0.004450760269385226,0.16288703829039447,15.869038672857231,9.972909568928108,10.450487822632791,22.974630157079513
0,phrase,1.0,0.18580196248211647,0.004550036888808002,0.1812519255933085,13.329944703146879,8.973910679016331,9.595357329086301,18.579524168124713
0,shuffled,0.0,0.12082511841882032,0.004488620218537098,0.11633649820028323,13.158019843193708,4.450344992052193,3.632919549370031,23.651884407389904
0,shuffled,0.0003353501,0.12086836127933424,0.004487764034212368,0.11638059724512188,13.158890616423848,4.450559165446226,3.6336353770438454,23.653546467602002
0,shuffled,0.0015,0.12101943585836479,0.004485619010640713,0.11653381684772407,13.162978029421165,4.452956533511555,3.6361001540719733,23.659670601414803
0,shuffled,0.005,0.12147596796698258,0.004481116376478958,0.11699485159050364,13.17364300396404,4.459783628360753,3.6421058636175867,23.674960713024408
0,shuffled,0.01,0.12213145769833492,0.0044765663312033525,0.11765489136713153,13.18810808762156,4.467082844151245,3.647058734554522,23.698061586162698
0,shuffled,0.025,0.12411224906874009,0.004467774002905609,0.1196444750658345,13.237894926404389,4.501520240620374,3.672400143119444,23.766346470810767
0,shuffled,0.05,0.1274506940508012,0.004459943675703248,0.12299075037509795,13.307881390457732,4.539101968286123,3.70641409171364,23.87538479666455
0,shuffled,0.1,0.13424934732950736,0.0044557706498664276,0.1297935766796409,13.446824965852558,4.6317876981989565,3.789239097948072,24.070075006358184
0,shuffled,0.2,0.14830459076164995,0.0044703090202896836,0.1438342817413603,13.65971062894879,4.780989889108691,3.9212918837804738,24.35970741798686
0,shuffled,0.35,0.17052579218053934,0.00452425916996506,0.1660015330105743,13.898193941516675,5.09908607886684,4.285323962510152,24.502247006761348
0,shuffled,0.5,0.1941788810954023,0.004604351736285662,0.18957452935911662,13.85149521281319,5.304995816443053,4.357230461483243,24.151122690490002
0,shuffled,0.75,0.23717673478055135,0.00478398497441024,0.2323927498061411,12.09267364455279,4.350029975437894,2.84442213602294,21.423551912460482
0,shuffled,1.0,0.2856284197282762,0.005018464133874014,0.28060995559440216,6.9039255999225375,1.722588931209235,0.3188655390458881,13.148100559653955
1,phrase,0.0,0.10976236629269315,0.004626838544140244,0.1051355277485529,14.371163523638804,6.539619660666251,5.681006358404799,23.809177922605723
1,phrase,0.0003353501,0.10978142473104392,0.004625720620925098,0.10515570411011883,14.373227617977289,6.541541142193217,5.6826112802362205,23.811413883665786
1,phrase,0.0015,0.1098485835696693,0.004622784691104308,0.10522579887856498,14.380569338590815,6.548609946931998,5.689527734844202,23.8190845028976
1,phrase,0.005,0.11005244634599437,0.004615787671849788,0.1054366586741446,14.401957493608842,6.569603506613276,5.708680991635284,23.84094819588555
1,phrase,0.01,0.11034585235388787,0.0046074318816418346,0.10573842047224605,14.435377262882445,6.606259518720872,5.737716681741437,23.870467877641275
1,phrase,0.025,0.11123443055316608,0.004587067400034819,0.10664736315313127,14.530334488669306,6.6995284146370455,5.826595556654481,23.967459757374847
1,phrase,0.05,0.1127345835687182,0.0045604580630456215,0.10817412550567256,14.681440193851861,6.850154602503562,5.958239857913498,24.119143342399806
1,phrase,0.1,0.11579108204303559,0.004520303449182537,0.11127077859385306,14.982416349042708,7.173109288987392,6.2577780318118545,24.393632549622197
1,phrase,0.2,0.1220974453375342,0.004465987576602723,0.11763145776093147,15.481149994396212,7.735112611541306,6.7640415903981586,24.816118122452124
1,phrase,0.35,0.13200292766322097,0.004419226589798242,0.12758370107342273,16.09201404982766,8.587277765074438,7.702423292272018,25.13618341863283
1,phrase,0.5,0.14243316560131733,0.004398363163802921,0.1380348024375144,16.4997217715395,9.437291420872409,8.755642443086279,25.010855783881887
1,phrase,0.75,0.16103198283649597,0.004403897142090921,0.1566280856944051,16.270890482460192,10.31322438481399,10.356072034921846,23.450641933469715
1,phrase,1.0,0.18132999126438093,0.004450015138274237,0.1768799761261067,13.41377378954219,8.754953165722636,9.311405000938128,19.02824992594012
1,shuffled,0.0,0.10976236629269315,0.004626838544140244,0.1051355277485529,14.371163523638804,6.539619660666251,5.681006358404799,23.809177922605723
1,shuffled,0.0003353501,0.10980760971987664,0.004625905163645495,0.10518170455623116,14.372482953098956,6.540332894776525,5.6816170963456845,23.811227895179844
1,shuffled,0.0015,0.10996573455912627,0.004623597891524378,0.1053421366676019,14.377020952699414,6.543587545522266,5.684294382625524,23.81731249468213
1,shuffled,0.005,0.11044321098010622,0.0046183988844597165,0.10582481209564651,14.389256066068533,6.550897947640056,5.684979584214448,23.835482516482337
1,shuffled,0.01,0.11112818027656747,0.004612470970630256,0.1065157093059372,14.408618418650246,6.56393325322079,5.692675170093744,23.862469771860102
1,shuffled,0.025,0.11319667380290707,0.004598970563000342,0.10859770323990674,14.463657475293703,6.601027534773847,5.717753612722608,23.939134583099683
1,shuffled,0.05,0.11668128266538745,0.004583337022452299,0.11209794564293515,14.552270807145208,6.658837604338269,5.75029378987462,24.064869795143323
1,shuffled,0.1,0.12377437301260115,0.00456479498297321,0.11920957802962794,14.698462415239588,6.751666851552277,5.803901671838285,24.275369889426862
1,shuffled,0.2,0.13842781387807995,0.004554019261564851,0.13387379461651508,14.951301949554223,6.958788731042918,5.909546159982184,24.583305059042207
1,shuffled,0.35,0.16157050471623052,0.004574577088304255,0.15699592762792625,15.115165024681954,7.168964201604601,5.951967134679584,24.69135576018544
1,shuffled,0.5,0.18617844618377763,0.004624139896229589,0.18155430628754804,14.953949915016183,7.237012226506471,5.685765463919398,24.2538491806561
1,shuffled,0.75,0.23086619210923526,0.004755973659679629,0.2261102184495556,12.33917682549693,4.847529595526634,2.9716370849312304,21.367572205204727
1,shuffled,1.0,0.28119551361504685,0.004944162097326059,0.2762513515177208,6.977514371829976,1.6618626337267584,0.27572675507093714,13.383556210056936
2,phrase,0.0,0.10743753667071548,0.0046963409406623816,0.1027411957300531,13.306542977406783,4.962451921536703,3.4509044419107475,23.3622424549938
2,phrase,0.0003353501,0.10745895048739124,0.004695393970888576,0.10276355651650267,13.308115438877383,4.963654287690163,3.4518864925138737,23.364260928769674
2,phrase,0.0015,0.10753384693906232,0.0046926079442684634,0.10284123899479385,13.315522324773578,4.971555524439056,3.461234345557797,23.37107205851005
2,phrase,0.005,0.10776054656068397,0.004685632154301188,0.10307491440638278,13.333865697446209,4.9880093226898845,3.4736663499874645,23.391692610614093
2,phrase,0.01,0.10808643216204279,0.004677133433311474,0.10340929872873132,13.360385944346366,5.013771301768634,3.4970328089213636,23.41912666745287
2,phrase,0.025,0.10907230448005362,0.00465604418540034,0.10441626029465327,13.446401665507514,5.099079346201934,3.566040262295243,23.505995229798863
2,phrase,0.05,0.11073467249823381,0.004627888520121866,0.10610678397811195,13.591582545441534,5.248354693662253,3.7029982281313636,23.646241751431948
2,phrase,0.1,0.11411647372543407,0.004584223001556643,0.10953225072387743,13.86339156593292,5.522565749401945,3.952748262929519,23.915156011495885
2,phrase,0.2,0.12107808444642187,0.004522438730708686,0.1165556457157132,14.39397887611628,6.109560309370423,4.528766607069678,24.377765353989492
2,phrase,0.35,0.13198031726258233,0.0044645631116831995,0.12751575415089914,15.114291527314442,7.082357180773983,5.646925767505843,24.79380215006833
2,phrase,0.5,0.14342647472575118,0.004433190360134058,0.1389932843656171,15.720538869708996,8.209790487134507,7.279623834699941,24.771953587170554
2,phrase,0.75,0.16376704627214936,0.004422891508269172,0.15934415476388017,15.997797358977772,10.015308802216273,10.53152898599677,23.207463055587784
2,phrase,1.0,0.1858724614415084,0.004455364434656685,0.18141709700685169,13.125018062466362,8.75823452167702,9.520132303275306,18.387552073161217
2,shuffled,0.0,0.10743753667071548,0.0046963409406623816,0.1027411957300531,13.306542977406783,4.962451921536703,3.4509044419107475,23.3622424549938
2,shuffled,0.0003353501,0.10749255272898765,0.0046953340046727386,0.10279721872431492,13.307168764194417,4.962641764557074,3.4510973278933403,23.363393609911228
2,shuffled,0.0015,0.10768448358187399,0.00469262865376782,0.10299185492810616,13.31071267580323,4.964582854025218,3.452104237343865,23.368869127689553
2,shuffled,0.005,0.10826336524226894,0.0046859549559239485,0.10357741028634501,13.318627262193163,4.968314763894975,3.4587130949874108,23.381824375526868
2,shuffled,0.01,0.1090933156175314,0.00467782331479009,0.10441549230274132,13.329500912739993,4.971295627848664,3.459400864401132,23.402209845814163
2,shuffled,0.025,0.11159799586168,0.004657627507080255,0.10694036835459975,13.365757957919406,4.987730702584033,3.4663675341702773,23.46235490665691
2,shuffled,0.05,0.11581371317726706,0.004630835818626235,0.11118287735864082,13.423195494450344,5.013030294403389,3.4747190514985813,23.55852278681463
2,shuffled,0.1,0.12438484030233102,0.004590237134614592,0.11979460316771642,13.52929917377172,5.064769806394649,3.509268486869258,23.73014225753384
2,shuffled,0.2,0.14206347809755349,0.004536334724979625,0.13752714337257385,13.700221833421312,5.150148729202909,3.5741154126755,24.004156087222974
2,shuffled,0.35,0.16994626075544136,0.004493758990735354,0.16545250176470597,13.798582231843055,5.221427196212692,3.634857593577295,24.135153685038624
2,shuffled,0.5,0.199589682562723,0.004481002023827689,0.19510868053889532,13.57197353079534,5.095031878474006,3.519919736272494,23.78777500923388
2,shuffled,0.75,0.25352843900731414,0.004508461353498674,0.2490199776538154,11.507873065587368,3.7771633752935228,2.1761690865581427,20.82436935901841
2,shuffled,1.0,0.31463918081936,0.00458829370246029,0.3100508871168997,6.562399885329118,1.5576163118206643,0.2419494338040044,12.593805730326482
