class,train_boxes,tail47,deep28,head-flat_mean,head-phrase_mean,stage5_mean,stage6_mean,phrase_minus_flat,phrase_minus_stage5,stage6_minus_stage5,phrase_over_flat_seeds,phrase_over_stage5_seeds,stage6_over_stage5_seeds
Ped-MovAway-LftPav,46094,False,False,13.474853515625,7.427708148956299,17.32008425394694,16.307090441385906,-6.047145366668701,-9.89237610499064,-1.0129938125610352,0,0,1
Ped-MovAway-RhtPav,64295,False,False,21.9113032023112,15.765130996704102,25.241356531778973,25.081997553507488,-6.146172205607097,-9.47622553507487,-0.15935897827148438,0,0,2
Ped-MovAway-Jun,886,True,True,0.3331987050672372,0.6638317704200745,0.4199037452538808,0.5239416559537252,0.33063306535283726,0.24392802516619363,0.10403791069984436,2,3,1
Ped-MovTow-LftPav,43956,False,False,21.317819595336914,10.897086461385092,23.891372044881184,24.501822153727215,-10.420733133951822,-12.994285583496094,0.6104501088460287,0,0,2
Ped-MovTow-RhtPav,51492,False,False,25.618106842041016,17.052534739176433,26.827512741088867,27.859776814778645,-8.565572102864584,-9.774978001912435,1.0322640736897786,0,0,2
Ped-MovTow-Jun,446,True,True,4.029518127441406,0.8685392737388611,1.815671722094218,4.12710702419281,-3.160978853702545,-0.9471324483553568,2.3114353020985923,0,1,2
Ped-Mov-OutgoLane,607,True,True,1.5015699466069539,6.116247177124023,6.693836847941081,4.1064480145772295,4.61467723051707,-0.5775896708170573,-2.587388833363851,3,2,1
Ped-Mov-Pav,35028,False,False,9.166884422302246,7.151113986968994,10.837966918945312,10.009780883789062,-2.015770435333252,-3.6868529319763184,-0.82818603515625,0,0,0
Ped-Mov-RhtPav,10456,False,False,2.424159367879232,2.7768356800079346,3.3153343200683594,4.017462491989136,0.3526763121287028,-0.5384986400604248,0.7021281719207764,2,0,3
Ped-Stop-OutgoLane,2514,True,True,6.42672077814738,9.953629811604818,11.907253583272299,8.823848724365234,3.526909033457438,-1.9536237716674805,-3.083404858907064,3,2,1
Ped-Stop-Pav,15542,False,False,3.7442760467529297,3.3003126780192056,3.9027748902638755,3.5960991382598877,-0.44396336873372394,-0.6024622122446696,-0.3066757520039876,1,1,1
Ped-Stop-LftPav,53510,False,False,19.927993774414062,11.788287480672201,22.154560089111328,22.95235824584961,-8.139706293741861,-10.366272608439127,0.7977981567382812,0,0,3
Ped-Stop-RhtPav,56241,False,False,14.760085741678873,9.89733091990153,15.563543955485025,15.794006983439127,-4.862754821777344,-5.666213035583496,0.23046302795410156,0,0,2
Ped-Stop-BusStop,6983,False,False,4.165175120035808,3.325794299443563,4.87485392888387,5.118780295054118,-0.8393808205922445,-1.5490596294403076,0.2439263661702474,0,0,2
Ped-Wait2X-RhtPav,3782,True,False,1.8381085395812988,3.233474016189575,3.6406057675679526,5.212627251942952,1.3953654766082764,-0.40713175137837726,1.572021484375,3,1,2
Ped-Wait2X-Jun,28574,False,False,17.835049947102863,21.503976821899414,23.857882817586262,23.8914311726888,3.6689268747965493,-2.353905995686849,0.03354835510253906,3,0,2
Ped-XingFmLft-Jun,25990,False,False,16.86418883005778,14.75097401936849,18.308300654093426,18.839143753051758,-2.1132148106892905,-3.557326634724935,0.5308430989583334,0,0,2
Ped-XingFmRht-Jun,26763,False,False,21.615550994873047,19.059446334838867,23.88901710510254,23.662774403889973,-2.5561046600341797,-4.829570770263672,-0.2262427012125651,0,0,1
Ped-XingFmRht-xing,1091,True,True,0.9032489558060964,3.6594619750976562,12.92652448018392,5.2429014046986895,2.7562130192915597,-9.267062505086264,-7.6836230754852295,3,0,0
Ped-Xing-Jun,24065,False,False,18.085646947224934,13.178255399068197,21.940018971761067,20.15407943725586,-4.907391548156738,-8.761763572692871,-1.7859395345052083,0,0,0
Ped-PushObj-LftPav,1222,True,True,0.02163902452836434,0.04744641607006391,0.04345303835968176,0.07427779336770375,0.02580739154169957,0.003993377710382144,0.03082475500802199,3,2,3
Ped-PushObj-RhtPav,1140,True,True,0.5675706565380096,1.3384379943211873,1.043811559677124,0.9625552694002787,0.7708673377831777,0.2946264346440633,-0.08125629027684529,3,3,1
Car-MovAway-VehLane,78780,False,False,19.449957529703777,18.148122787475586,24.284085591634113,24.55425262451172,-1.3018347422281902,-6.135962804158528,0.2701670328776042,1,0,1
Car-MovAway-OutgoLane,225813,False,False,35.20791880289713,34.69764709472656,39.75469207763672,40.109450022379555,-0.5102717081705729,-5.057044982910156,0.35475794474283856,0,0,3
Car-MovAway-Jun,43115,False,False,10.46191660563151,9.519887288411459,12.424779574076334,11.682335217793783,-0.9420293172200521,-2.9048922856648765,-0.7424443562825521,0,0,0
Car-MovTow-VehLane,619,True,True,0.02462637486557166,0.18602254490057626,0.095550703505675,0.11687936385472615,0.16139617003500462,0.09047184139490128,0.02132866034905116,3,3,3
Car-MovTow-IncomLane,216225,False,False,31.950773239135742,32.441609700520836,38.11972173055013,37.391091664632164,0.4908364613850911,-5.678112030029297,-0.7286300659179688,1,0,1
Car-MovTow-Jun,34762,False,False,6.992489496866862,7.046287377675374,8.739535967508951,8.613524119059244,0.05379788080851237,-1.6932485898335774,-0.12601184844970703,1,0,1
Car-Brake-VehLane,39559,False,False,31.869971593221027,34.882694244384766,36.88664118448893,37.85345331827799,3.012722651163737,-2.0039469401041665,0.9668121337890625,2,0,3
Car-Brake-OutgoLane,73220,False,False,28.682607014973957,27.977222442626953,33.45603688557943,34.094163258870445,-0.7053845723470052,-5.478814442952474,0.6381263732910156,0,0,2
Car-Brake-Jun,46637,False,False,15.830827077229818,18.832330067952473,22.249270757039387,21.09092076619466,3.0015029907226562,-3.416940689086914,-1.1583499908447266,3,0,0
Car-Stop-VehLane,36354,False,False,34.411581675211586,33.074832916259766,36.64189020792643,37.92204157511393,-1.336748758951823,-3.5670572916666665,1.2801513671875,0,0,3
Car-Stop-OutgoLane,71305,False,False,20.815186818440754,19.69963264465332,26.426740646362305,28.09637514750163,-1.1155541737874348,-6.727108001708984,1.669634501139323,0,0,3
Car-Stop-IncomLane,73794,False,False,16.833477020263672,16.617038091023762,23.142385482788086,23.90692075093587,-0.21643892923990884,-6.525347391764323,0.7645352681477865,1,0,3
Car-Stop-Jun,120894,False,False,19.908976236979168,20.141011555989582,25.392183303833008,24.670582453409832,0.23203531901041666,-5.251171747843425,-0.7216008504231771,2,0,0
Car-Stop-parking,40084,False,False,2.040039380391439,1.6290963490804036,2.1227289040883384,2.0334564050038657,-0.41094303131103516,-0.49363255500793457,-0.08927249908447266,0,0,2
Car-IncatLft-VehLane,2902,True,False,11.489494800567627,12.218894004821777,14.453841845194498,15.968505223592123,0.7293992042541504,-2.234947840372721,1.5146633783976238,1,0,2
Car-IncatLft-OutgoLane,4766,True,False,1.5192933082580566,2.898305575052897,3.31105367342631,2.2938177585601807,1.3790122667948406,-0.4127480983734131,-1.0172359148661296,3,1,0
Car-IncatLft-IncomLane,6427,True,False,5.977149645487468,3.2142066955566406,5.6557297706604,4.493351300557454,-2.7629429499308267,-2.4415230751037598,-1.162378470102946,0,0,0
Car-IncatLft-Jun,9298,False,False,3.29676087697347,4.8813473383585615,5.126052538553874,4.871618270874023,1.584586461385091,-0.2447052001953125,-0.2544342676798503,3,2,2
Car-IncatRht-VehLane,3380,True,False,1.3310271104176838,1.2617002328236897,1.5691139698028564,1.5760091543197632,-0.06932687759399414,-0.3074137369791667,0.006895184516906738,1,1,2
Car-IncatRht-OutgoLane,5835,True,False,1.4218156337738037,2.8287121454874673,2.804553985595703,2.2714594999949136,1.4068965117136638,0.024158159891764324,-0.5330944856007894,3,2,2
Car-IncatRht-IncomLane,1552,True,True,0.36279672880967456,1.249956488609314,2.0882964928944907,1.1174065669377644,0.8871597597996393,-0.8383400042851766,-0.9708899259567261,3,0,0
Car-IncatRht-Jun,7228,False,False,1.223840554555257,0.8881575266520182,1.454058051109314,1.404233694076538,-0.33568302790323895,-0.5659005244572958,-0.04982435703277588,0,0,1
Car-HazLit-IncomLane,540,True,True,0.004392605895797412,0.26206327974796295,0.06282206997275352,0.04880992043763399,0.2576706738521655,0.19924120977520943,-0.014012149535119534,3,3,2
Car-TurLft-VehLane,1219,True,True,0.523398627837499,0.5786985556284586,1.1378790338834126,0.8097045620282491,0.05529992779095968,-0.559180478254954,-0.3281744718551636,2,0,1
Car-TurLft-Jun,10792,False,False,6.2466427485148115,4.862776915232341,7.397216002146403,7.065552393595378,-1.3838658332824707,-2.5344390869140625,-0.3316636085510254,0,0,0
Car-TurRht-Jun,12477,False,False,5.030868212381999,4.810622374216716,6.50911808013916,6.657174746195476,-0.2202458381652832,-1.6984957059224446,0.1480566660563151,0,0,2
Car-MovRht-OutgoLane,3682,True,False,0.5517767171065012,0.5286736090977987,0.7242372433344523,0.8205224871635437,-0.023103108008702595,-0.19556363423665366,0.09628524382909139,2,0,2
Car-MovLft-VehLane,1153,True,True,0.30382489661375683,0.4793502390384674,0.5994051098823547,0.524764766295751,0.1755253424247106,-0.12005487084388733,-0.0746403435866038,2,1,1
Car-MovLft-OutgoLane,2854,True,False,0.5572112202644348,0.9497654040654501,2.4589469035466514,1.6994340419769287,0.3925541838010152,-1.5091814994812012,-0.7595128615697225,3,0,0
Car-XingFmLft-Jun,23513,False,False,12.876003583272299,9.335118929545084,13.4499298731486,12.698234558105469,-3.5408846537272134,-4.114810943603516,-0.7516953150431315,0,0,1
Car-XingFmRht-Jun,23052,False,False,9.612773736317953,9.899239857991537,11.82978375752767,12.400729179382324,0.286466121673584,-1.9305438995361328,0.5709454218546549,2,0,2
Cyc-MovAway-OutgoCycLane,1121,True,True,0.015374417727192244,0.4689799944559733,0.1907782107591629,0.40500160306692123,0.45360557672878105,0.2782017836968104,0.21422339230775833,3,3,2
Cyc-MovAway-RhtPav,768,True,True,0.0008845787184933821,0.21306332449118295,0.0015506454704639812,0.0016796614121024807,0.21217874577268958,0.211512679020719,0.0001290159416384995,3,3,1
Cyc-MovTow-IncomLane,1046,True,True,0.3808774749437968,1.1384832859039307,0.4610257645448049,0.7667996486028036,0.7576058109601339,0.6774575213591257,0.30577388405799866,3,3,3
Cyc-MovTow-RhtPav,61,True,True,0.0,0.0,0.0,0.0,0.0,0.0,0.0,0,0,0
MedVeh-MovAway-VehLane,6359,True,False,7.212360143661499,17.5826997756958,16.776553471883137,14.739255587259928,10.370339632034302,0.8061463038126627,-2.0372978846232095,3,2,1
MedVeh-MovAway-OutgoLane,20700,False,False,7.940992037455241,7.482367197672526,11.314489682515463,12.279446283976236,-0.45862483978271484,-3.832122484842936,0.9649566014607748,1,0,3
MedVeh-MovAway-Jun,3686,True,False,1.0323461294174194,5.816043217976888,3.8413793245951333,4.715048948923747,4.783697088559468,1.9746638933817546,0.8736696243286133,3,2,2
MedVeh-MovTow-IncomLane,21376,False,False,5.447526613871257,6.673564434051514,8.617982228597006,9.006141662597656,1.226037820180257,-1.9444177945454915,0.38815943400065106,3,0,2
MedVeh-MovTow-Jun,2831,True,False,2.098291337490082,3.06074857711792,3.977529605229696,4.322589635848999,0.9624572396278381,-0.9167810281117758,0.3450600306193034,2,0,2
MedVeh-Brake-VehLane,4874,True,False,6.521890322367351,7.208091735839844,10.27105712890625,13.544642448425293,0.6862014134724935,-3.0629653930664062,3.273585319519043,2,0,2
MedVeh-Brake-OutgoLane,8466,False,False,7.319154262542725,10.108242988586426,10.590814908345541,15.075307846069336,2.789088726043701,-0.48257191975911456,4.484492937723796,3,1,3
MedVeh-Brake-Jun,4228,True,False,10.784567515055338,16.05335235595703,18.200117111206055,22.84486452738444,5.268784840901692,-2.1467647552490234,4.644747416178386,3,1,2
MedVeh-Stop-VehLane,5179,True,False,1.1326603690783184,15.045907338460287,14.778675238291422,17.894595464070637,13.913246969381968,0.26723210016886395,3.1159202257792153,3,1,2
MedVeh-Stop-OutgoLane,10205,False,False,4.6227043469746905,8.161425113677979,12.683686256408691,11.195079485575357,3.5387207667032876,-4.522261142730713,-1.4886067708333333,3,0,1
MedVeh-Stop-IncomLane,8228,False,False,1.8948147694269817,1.1797984441121419,1.8882532119750977,1.9985434611638386,-0.7150163253148397,-0.7084547678629557,0.11029024918874104,0,0,2
MedVeh-Stop-Jun,13340,False,False,6.578321933746338,7.331608295440674,13.318438847859701,11.318950017293295,0.7532863616943359,-5.986830552419026,-1.9994888305664062,2,0,1
MedVeh-Stop-parking,4335,True,False,0.11384174227714539,0.08823330948750178,0.19733262558778128,0.19526933381954828,-0.025608432789643604,-0.1090993161002795,-0.0020632917682329812,2,0,1
MedVeh-IncatLft-IncomLane,511,True,True,0.16590255747238794,0.43868792057037354,0.580515185991923,0.7180089503526688,0.27278536309798557,-0.14182726542154947,0.13749376436074576,3,1,1
MedVeh-IncatRht-Jun,882,True,True,0.03392253412554661,0.17717009286085764,0.23838699981570244,0.08685698608557384,0.14324755873531103,-0.061216906954844795,-0.15153001373012862,3,2,2
MedVeh-TurRht-Jun,1337,True,True,0.2995411654313405,1.3106207450230916,2.9799482772747674,2.1300068895022073,1.011079579591751,-1.6693275322516758,-0.8499413877725601,3,2,2
MedVeh-XingFmLft-Jun,3124,True,False,5.387430032094319,8.684308369954428,10.36517365773519,10.912732442220053,3.2968783378601074,-1.6808652877807617,0.5475587844848633,3,0,2
MedVeh-XingFmRht-Jun,2734,True,True,6.548971176147461,10.369990666707357,9.886186599731445,10.699280420939127,3.821019490559896,0.48380406697591144,0.8130938212076823,3,2,3
LarVeh-MovAway-VehLane,2510,True,True,0.06295009019474189,0.18334019680817923,0.3194623589515686,0.21141274273395538,0.12039010661343734,-0.13612216214338937,-0.10804961621761322,3,0,2
LarVeh-MovTow-IncomLane,4979,True,False,4.119346380233765,9.606090704600016,8.370223999023438,5.117580095926921,5.486744324366252,1.2358667055765789,-3.252643903096517,3,1,1
LarVeh-Stop-VehLane,1285,True,True,0.6771345933278402,2.4007635911305747,4.585505286852519,4.069329500198364,1.7236289978027344,-2.1847416957219443,-0.5161757866541544,3,1,2
LarVeh-Stop-Jun,1895,True,True,29.75873374938965,41.636297861735024,26.562840064366657,11.38228432337443,11.877564112345377,15.073457797368368,-15.180555740992228,3,2,1
Bus-MovAway-OutgoLane,1894,True,True,3.5122063159942627,6.822225729624431,7.570714632670085,11.216419537862143,3.3100194136301675,-0.7484889030456543,3.645704905192057,3,1,3
Bus-MovTow-IncomLane,2995,True,False,23.242699305216473,21.237785975138348,25.925458272298176,23.06573994954427,-2.004913330078125,-4.687672297159831,-2.8597183227539062,1,1,1
Bus-Stop-VehLane,1511,True,True,14.84838835398356,25.556590398152668,23.790071487426758,45.70632108052572,10.708202044169107,1.7665189107259114,21.916249593098957,2,2,3
Bus-Stop-OutgoLane,2226,True,True,4.914894104003906,3.0345683097839355,7.563044269879659,3.501025398572286,-1.8803257942199707,-4.528475960095723,-4.062018871307373,2,1,1
Bus-Stop-IncomLane,1008,True,True,1.2322931538025539,7.907766660054524,2.9447392324606576,1.9242169658342998,6.675473506251971,4.963027427593867,-1.020522266626358,3,3,1
Bus-Stop-Jun,4797,True,False,2.123454729715983,9.502200444539389,8.710252285003662,10.359643618265787,7.378745714823405,0.791948159535726,1.6493913332621257,3,2,3
Bus-HazLit-OutgoLane,525,True,True,0.5205506980419159,3.337381283442179,7.159548997879028,8.52996826171875,2.8168305854002633,-3.822167714436849,1.3704192638397217,3,1,2
